FIPS,UNEMP,INCOME,POP,
00000,8.1,"65,712","331,449,281",
01000,5.9,"51,771","5,024,279",
01001,4.9,"58,233","58,805",
01003,5.6,"59,871","231,767",
01005,7.0,"35,972","25,223",
01007,6.6,"47,918","22,293",
01009,4.1,"52,902","59,134",
01011,5.5,"31,906","10,357",
01013,8.8,"39,944","19,051",
01015,7.1,"47,747","116,441",
01017,6.8,"42,015","34,772",
01019,4.6,"45,982","24,971",
01021,5.0,"49,692","45,014",
01023,6.7,"39,808","12,665",
01025,9.0,"43,822","23,087",
01027,4.0,"40,562","14,236",
01029,4.6,"51,276","15,056",
01031,4.4,"57,299","53,465",
01033,6.6,"46,683","57,227",
01035,7.3,"41,539","11,597",
01037,5.5,"42,024","10,387",
01039,4.9,"44,836","37,570",
01041,5.7,"43,309","13,194",
01043,4.3,"50,897","87,866",
01045,4.9,"45,120","49,326",
01047,10.7,"34,034","38,462",
01049,4.5,"44,277","71,608",
01051,4.9,"62,310","87,977",
01053,6.0,"42,712","36,757",
01055,7.7,"43,047","103,436",
01057,5.0,"44,212","16,321",
01059,4.4,"44,874","32,113",
01061,4.1,"43,089","26,659",
01063,10.9,"28,699","7,730",
01065,9.4,"40,745","14,785",
01067,4.8,"48,597","17,146",
01069,5.4,"50,138","107,202",
01071,5.3,"44,322","52,579",
01073,6.2,"54,127","674,721",
01075,4.9,"42,686","13,972",
01077,5.5,"48,188","93,564",
01079,4.9,"47,797","33,073",
01081,5.2,"54,160","174,241",
01083,4.3,"64,729","103,570",
01085,13.3,"33,930","10,311",
01087,9.6,"34,281","19,532",
01089,4.6,"68,609","388,153",
01091,6.2,"38,838","19,323",
01093,5.1,"44,675","29,341",
01095,4.2,"48,913","97,612",
01097,7.9,"49,492","414,809",
01099,8.2,"40,005","19,772",
01101,7.8,"52,711","228,954",
01103,4.5,"54,355","123,421",
01105,10.9,"29,572","8,511",
01107,6.5,"40,249","19,123",
01109,4.9,"41,271","33,009",
01111,4.7,"42,922","21,967",
01113,5.1,"43,670","59,183",
01115,4.9,"65,403","91,103",
01117,3.9,"77,801","223,024",
01119,7.0,"29,209","12,345",
01121,7.0,"47,719","82,149",
01123,6.9,"47,100","41,311",
01125,6.6,"52,307","227,036",
01127,5.8,"45,991","65,342",
01129,8.0,"48,864","15,388",
01131,14.7,"30,998","10,600",
01133,4.7,"40,827","23,540",
02000,7.8,"77,203","733,391",
02013,4.0,"66,923","3,420",
02016,4.5,"84,726","5,232",
02020,7.4,"82,512","291,247",
02050,11.6,"48,262","18,666",
02060,7.4,"87,950",844,
02068,15.7,"78,434","7,102",
02070,8.2,"57,436","2,617",
02090,6.4,"74,076","1,619",
02100,15.6,"62,548","4,857",
02105,13.5,"53,141","95,655",
02110,6.6,"85,419","2,080",
02122,9.1,"68,625","2,365",
02130,9.6,"75,706","32,255",
02150,6.2,"79,669","58,799",
02158,19.4,"35,369","13,948",
02164,9.4,"51,693","13,101",
02170,8.3,"75,856","8,368",
02180,10.5,"58,464","1,476",
02185,5.9,"84,784","107,081",
02188,12.0,"61,660","10,046",
02195,8.7,"71,296","11,031",
02198,9.2,"50,049","7,793",
02201,,,"3,398",
02220,6.9,"80,660","5,753",
02230,21.5,"74,898",,
02232,,,"8,458",
02240,7.4,"69,646","1,240",
02261,8.7,"74,574",,
02275,8.4,"62,496","6,808",
02280,,,,
02282,8.5,"61,587","2,127",
02290,12.1,"42,063",,
04000,7.9,"62,027",662,
04001,12.8,"35,386","5,343",
04003,7.0,"48,650","7,151,502",
04005,9.7,"58,301","66,021",
04007,7.7,"45,980","125,447",
04009,6.3,"50,685","145,101",
04011,5.5,"68,066","53,272",
04012,7.1,"39,407","38,533",
04013,7.4,"68,634","9,563",
04015,10.0,"49,712","16,557",
04017,10.1,"40,676","4,420,568",
04019,7.7,"56,150","213,267",
04021,7.5,"62,067","106,717",
04023,11.4,"47,779","1,043,433",
04025,7.5,"54,242","425,264",
04027,17.1,"47,024","47,669",
05000,6.1,"49,020","236,209",
05001,4.0,"52,539","203,881",
05003,9.3,"47,744","3,011,524",
05005,5.9,"41,950","17,149",
05007,4.5,"70,775","19,062",
05009,5.3,"50,083","41,627",
05011,5.8,"39,982","284,333",
05013,5.2,"48,415","37,373",
05015,5.7,"43,841","10,545",
05017,10.3,"37,014","4,739",
05019,5.9,"44,105","28,260",
05021,6.0,"40,686","10,208",
05023,7.6,"46,214","21,446",
05025,6.1,"53,773","14,552",
05027,6.8,"42,964","24,711",
05029,6.0,"46,924","7,550",
05031,5.3,"47,766","22,801",
05033,5.4,"44,600","20,715",
05035,8.3,"41,976","111,231",
05037,6.1,"45,273","60,133",
05039,5.3,"41,314","48,163",
05041,7.0,"37,005","16,833",
05043,6.9,"44,162","6,482",
05045,5.4,"58,482","11,395",
05047,5.6,"45,670","17,350",
05049,5.1,"32,926","123,498",
05051,8.0,"45,786","17,097",
05053,5.2,"58,566","12,075",
05055,6.0,"47,098","100,180",
05057,5.2,"40,867","17,958",
05059,5.8,"45,860","45,736",
05061,5.0,"41,427","20,065",
05063,5.8,"47,903","33,040",
05065,8.4,"40,233","12,785",
05067,7.1,"38,636","37,938",
05069,8.0,"40,555","13,577",
05071,6.3,"40,396","16,755",
05073,7.6,"37,164","67,260",
05075,6.1,"39,604","25,749",
05077,7.5,"30,421","6,308",
05079,6.0,"44,272","16,216",
05081,6.4,"43,257","8,600",
05083,6.6,"42,249","12,941",
05085,5.5,"62,782","12,026",
05087,3.9,"48,016","21,131",
05089,6.4,"38,760","74,015",
05091,6.9,"50,905","16,521",
05093,9.0,"39,990","16,826",
05095,6.7,"34,289","42,600",
05097,6.8,"39,591","40,685",
05099,5.9,"36,528","6,799",
05101,5.0,"37,648","8,484",
05103,6.0,"46,393","8,310",
05105,5.5,"50,560","7,225",
05107,9.1,"31,521","22,650",
05109,5.9,"44,426","10,019",
05111,5.5,"40,536","16,568",
05113,6.6,"39,722","10,171",
05115,5.9,"47,519","22,965",
05117,5.3,"46,205","19,221",
05119,7.4,"52,684","63,381",
05121,5.9,"42,875","8,282",
05123,7.9,"34,389","399,125",
05125,5.1,"66,944","18,571",
05127,4.5,"38,065","23,090",
05129,6.4,"34,712","123,416",
05131,6.0,"48,945","9,836",
05133,5.8,"43,493","7,828",
05135,7.1,"37,591","127,799",
05137,7.1,"36,930","15,839",
05139,8.3,"46,602","17,271",
05141,7.1,"38,096","12,359",
05143,4.6,"52,158","39,054",
05145,6.2,"46,388","15,796",
05147,5.8,"36,568","245,871",
05149,5.1,"44,469","76,822",
06000,10.1,"80,423","6,269",
06001,8.8,"107,589","20,263",
06003,11.2,"58,112","39,538,223",
06005,9.1,"62,640","1,682,353",
06007,9.2,"58,394","1,204",
06009,7.6,"68,248","40,474",
06011,16.0,"59,048","211,632",
06013,8.9,"106,555","45,292",
06015,9.5,"48,979","21,839",
06017,8.3,"86,202","1,165,927",
06019,11.3,"56,926","27,743",
06021,8.9,"55,682","191,185",
06023,8.4,"51,134","1,008,654",
06025,22.5,"48,102","28,917",
06027,7.8,"59,605","136,463",
06029,12.5,"53,245","179,702",
06031,11.6,"57,297","19,016",
06033,9.6,"46,897","909,235",
06035,7.1,"53,613","152,486",
06037,12.8,"72,721","68,163",
06039,10.8,"61,105","32,730",
06041,6.7,"112,069","10,014,009",
06043,10.9,"52,760","156,255",
06045,8.9,"52,309","262,321",
06047,12.2,"59,733","17,131",
06049,8.5,"45,311","91,601",
06051,11.8,"66,226","281,202",
06053,10.8,"76,509","8,700",
06055,8.7,"90,230","13,195",
06057,8.0,"69,550","439,035",
06059,8.8,"95,761","138,019",
06061,7.3,"97,688","102,241",
06063,10.7,"59,376","3,186,989",
06065,9.9,"72,905","404,739",
06067,9.3,"71,891","19,790",
06069,9.9,"84,209","2,418,185",
06071,9.4,"67,398","1,585,055",
06073,9.2,"83,576","64,209",
06075,7.8,"121,795","2,181,654",
06077,11.3,"68,458","3,298,634",
06079,7.7,"76,599","873,965",
06081,6.9,"135,234","779,233",
06083,8.0,"74,530","282,424",
06085,7.0,"132,444","764,442",
06087,9.5,"85,770","448,229",
06089,8.7,"61,464","1,936,259",
06091,8.0,"55,862","270,861",
06093,9.7,"45,954","182,155",
06095,9.5,"85,704","3,236",
06097,7.9,"87,084","44,076",
06099,10.7,"62,761","453,491",
06101,11.0,"60,910","488,863",
06103,8.8,"51,672","552,878",
06105,8.0,"43,881","99,633",
06107,13.2,"56,776","65,829",
06109,10.4,"64,729","16,112",
06111,8.6,"91,446","473,117",
06113,7.5,"70,951","55,620",
06115,10.5,"56,607","843,843",
08000,7.3,"77,104","216,403",
08001,8.0,"75,341","81,575",
08003,6.4,"38,213","5,773,714",
08005,7.9,"82,364","519,572",
08007,7.6,"57,604","16,376",
08009,2.3,"38,945","655,070",
08011,4.4,"35,764","13,359",
08013,6.2,"88,341","3,506",
08014,6.6,"106,892","5,650",
08015,6.3,"60,331","330,758",
08017,2.4,"52,337","74,112",
08019,8.5,"79,900","19,476",
08021,5.6,"40,944","1,748",
08023,7.2,"34,731","9,397",
08025,5.4,"38,224","7,461",
08027,5.0,"57,381","3,499",
08029,6.6,"51,525","5,922",
08031,8.2,"75,456","4,704",
08033,6.9,"50,232","31,196",
08035,5.8,"123,697","715,522",
08037,9.5,"89,268","2,326",
08039,4.7,"101,733","357,978",
08041,7.3,"72,675","55,731",
08043,7.7,"52,239","26,062",
08045,6.8,"73,788","730,395",
08047,11.3,"74,806","48,939",
08049,8.4,"71,029","61,685",
08051,6.6,"60,408","5,808",
08053,4.2,"61,391","15,717",
08055,9.4,"39,955","16,918",
08057,4.3,"53,577",788,
08059,7.1,"89,696","6,820",
08061,2.3,"46,901","1,379",
08063,2.8,"42,951","582,910",
08065,8.2,"56,850","1,446",
08067,6.8,"77,829","7,087",
08069,6.3,"75,332","7,436",
08071,7.4,"43,452","55,638",
08073,4.5,"43,077","359,066",
08075,4.7,"58,429","14,555",
08077,7.5,"60,249","5,675",
08079,5.8,"63,015","21,528",
08081,6.0,"63,232","155,703",
08083,7.1,"52,641",865,
08085,6.6,"50,707","13,292",
08087,5.4,"57,535","25,849",
08089,6.2,"43,723","42,679",
08091,8.1,"72,836","29,111",
08093,5.7,"77,221","18,690",
08095,2.7,"53,432","4,874",
08097,10.5,"92,820","17,390",
08099,4.4,"47,051","4,530",
08101,8.2,"51,075","17,358",
08103,5.4,"65,960","11,999",
08105,7.1,"48,496","168,162",
08107,7.9,"87,691","6,529",
08109,7.0,"37,004","11,539",
08111,6.7,"50,524","24,829",
08113,10.9,"77,209","6,368",
08115,3.4,"42,808",705,
08117,9.8,"86,570","8,072",
08119,7.5,"70,599","2,404",
08121,3.1,"53,263","31,055",
08123,7.0,"78,160","24,710",
08125,2.8,"52,841","4,817",
09000,7.9,"78,920","328,981",
09001,7.9,"96,966","9,988",
09003,8.1,"75,336","3,605,944",
09005,6.9,"81,015","957,419",
09007,6.5,"81,721","899,498",
09009,8.0,"69,687","185,186",
09011,9.6,"75,226","164,245",
09013,6.2,"90,181","864,835",
09015,7.8,"63,309","268,555",
10000,7.8,"70,348","149,788",
10001,8.6,"58,804","116,418",
10003,7.7,"76,076","989,948",
10005,7.5,"64,839","181,851",
11000,8.0,"90,395","570,719",
11001,8.0,"90,395","237,378",
12000,7.7,"59,198","689,545",
12001,5.4,"49,880","689,545",
12003,4.9,"60,454","21,538,187",
12005,6.1,"58,376","278,468",
12007,5.9,"47,509","28,259",
12009,6.6,"57,582","175,216",
12011,8.8,"61,429","28,303",
12013,5.2,"41,399","606,612",
12015,7.3,"54,756","1,944,375",
12017,8.4,"49,762","13,648",
12019,5.4,"75,776","186,847",
12021,6.9,"76,415","153,843",
12023,5.8,"47,087","218,245",
12027,5.2,"41,673","375,752",
12029,5.5,"39,793","69,698",
12031,6.7,"58,339","33,976",
12033,6.7,"52,822","16,759",
12035,7.6,"62,831","995,567",
12037,5.4,"47,504","321,905",
12039,6.8,"42,975","115,378",
12041,4.9,"46,171","12,451",
12043,5.6,"45,412","43,826",
12045,5.9,"53,228","17,864",
12047,7.6,"39,241","12,126",
12049,6.5,"41,430","14,192",
12051,8.1,"45,107","14,004",
12053,8.1,"50,705","25,327",
12055,7.7,"45,723","39,619",
12057,7.1,"61,133","194,515",
12059,5.5,"38,874","101,235",
12061,7.4,"61,173","1,459,762",
12063,5.4,"40,543","19,653",
12065,5.6,"47,192","159,788",
12067,4.2,"45,480","47,319",
12069,8.9,"57,660","14,510",
12071,7.3,"62,364","8,226",
12073,5.8,"55,081","383,956",
12075,6.0,"41,405","760,822",
12077,4.8,"44,236","292,198",
12079,6.0,"37,919","42,915",
12081,6.8,"64,151","7,974",
12083,7.0,"49,079","17,968",
12085,6.1,"70,806","399,710",
12086,8.0,"54,991","375,908",
12087,7.9,"67,528","158,431",
12089,5.7,"72,818","2,701,767",
12091,5.5,"63,520","82,874",
12093,5.4,"45,225","90,352",
12095,10.6,"63,133","211,668",
12097,13.5,"52,270","39,644",
12099,7.6,"66,621","1,429,908",
12101,7.2,"55,745","388,656",
12103,7.0,"56,708","1,492,191",
12105,9.0,"51,817","561,891",
12107,7.9,"41,986","959,107",
12109,5.3,"90,839","725,046",
12111,7.8,"57,292","73,321",
12113,5.2,"66,139","273,425",
12115,6.8,"66,258","329,226",
12117,7.2,"69,954","188,000",
12119,7.9,"63,464","434,006",
12121,5.6,"49,453","470,856",
12123,6.2,"42,987","129,752",
12125,4.7,"50,893","43,474",
12127,7.6,"53,554","21,796",
12129,4.5,"58,640","16,147",
12131,5.9,"62,600","553,543",
12133,5.8,"42,518","33,764",
13000,6.5,"61,950","75,305",
13001,4.7,"43,821","25,318",
13003,3.9,"38,581","10,711,908",
13005,4.9,"41,807","18,444",
13007,6.0,"39,515","8,286",
13009,6.9,"44,429","11,140",
13011,4.3,"53,481","2,876",
13013,5.1,"68,924","43,799",
13015,6.2,"60,254","18,035",
13017,6.9,"35,931","83,505",
13019,5.8,"42,058","108,901",
13021,7.5,"43,066","17,194",
13023,6.5,"48,115","18,160",
13025,5.4,"44,680","157,346",
13027,5.2,"39,554","12,583",
13029,5.3,"79,296","18,021",
13031,6.5,"48,788","16,301",
13033,7.2,"42,632","44,738",
13035,6.2,"47,410","81,099",
13037,5.1,"34,960","24,596",
13039,4.7,"58,552","25,434",
13043,4.4,"41,665","5,573",
13045,6.4,"59,193","54,768",
13047,4.3,"60,753","10,981",
13049,3.8,"42,891","119,148",
13051,7.6,"57,122","67,872",
13053,6.2,"46,106","12,518",
13055,8.4,"41,561","295,291",
13057,4.9,"88,635","9,565",
13059,6.4,"41,036","24,965",
13061,12.4,"24,732","266,620",
13063,10.3,"50,737","128,671",
13065,4.0,"42,928","2,848",
13067,5.9,"79,622","297,595",
13069,5.8,"41,675","6,749",
13071,4.5,"41,899","766,149",
13073,4.2,"88,285","43,092",
13075,4.7,"40,670","45,898",
13077,6.2,"79,232","156,010",
13079,5.0,"50,411","17,229",
13081,7.9,"40,482","146,158",
13083,4.1,"45,986","12,130",
13085,4.7,"69,155","20,128",
13087,4.8,"40,473","16,251",
13089,8.0,"63,606","26,798",
13091,6.0,"41,118","29,367",
13093,7.7,"37,109","764,382",
13095,8.6,"36,894","19,925",
13097,7.4,"62,915","11,208",
13099,5.8,"40,011","85,790",
13101,3.9,"40,408","144,237",
13103,5.0,"71,628","10,854",
13105,6.9,"40,962","3,697",
13107,7.1,"38,529","64,769",
13109,5.1,"41,425","19,637",
13111,4.7,"47,980","22,768",
13113,5.4,"94,563","10,774",
13115,6.3,"50,520","25,319",
13117,4.6,"113,332","119,194",
13119,5.9,"47,691","98,584",
13121,8.0,"79,235","251,283",
13123,4.7,"57,007","23,424",
13125,4.1,"49,350","1,066,710",
13127,6.8,"58,017","31,353",
13129,5.5,"53,373","2,884",
13131,4.4,"42,603","84,499",
13133,5.9,"60,973","57,544",
13135,6.3,"72,225","26,236",
13137,5.4,"51,296","18,915",
13139,4.7,"66,698","957,062",
13141,8.8,"31,715","46,031",
13143,5.9,"49,020","203,136",
13145,4.6,"74,052","8,735",
13147,5.4,"50,647","29,919",
13149,6.5,"48,984","34,668",
13151,7.4,"72,927","25,828",
13153,5.2,"65,641","11,412",
13155,5.5,"42,317","240,712",
13157,4.4,"66,645","163,633",
13159,4.9,"59,207","9,666",
13161,5.1,"40,603","75,907",
13163,6.7,"35,379","14,588",
13165,6.3,"32,808","14,779",
13167,4.9,"37,771","15,709",
13169,4.6,"56,819","8,674",
13171,6.3,"57,402","9,189",
13173,5.2,"42,667","28,347",
13175,6.7,"42,018","18,500",
13177,4.6,"72,425","9,877",
13179,6.2,"51,410","49,570",
13181,5.4,"45,299","33,163",
13183,4.4,"52,051","65,256",
13185,6.0,"46,450","7,690",
13187,4.8,"57,078","16,168",
13189,7.8,"44,473","118,251",
13191,5.7,"46,682","33,488",
13193,6.7,"34,634","21,632",
13195,5.2,"52,326","10,975",
13197,5.1,"41,190","12,082",
13199,8.6,"43,571","30,120",
13201,4.0,"41,769","7,498",
13205,6.5,"37,383","20,613",
13207,5.1,"70,488","6,000",
13209,5.4,"43,657","21,755",
13211,5.4,"67,089","27,957",
13213,7.6,"50,061","8,610",
13215,7.8,"47,035","20,097",
13217,7.1,"58,222","39,973",
13219,3.8,"100,878","206,922",
13221,4.8,"54,346","112,483",
13223,5.4,"76,580","41,799",
13225,6.2,"49,815","14,825",
13227,4.8,"66,183","168,661",
13229,4.5,"46,701","27,981",
13231,5.0,"74,905","33,216",
13233,6.0,"47,896","19,716",
13235,4.5,"42,274","18,889",
13237,6.6,"62,282","42,853",
13239,6.5,"35,522","9,855",
13241,5.3,"46,639","22,047",
13243,5.9,"33,505","2,235",
13245,7.6,"44,810","16,883",
13247,7.6,"60,281","6,425",
13249,4.3,"51,129","206,607",
13251,8.2,"42,331","93,570",
13253,5.0,"38,618","4,547",
13255,7.6,"49,237","14,067",
13257,6.4,"45,416","9,147",
13259,5.7,"34,566","67,306",
13261,7.4,"40,250","26,784",
13263,6.9,"41,045","5,314",
13265,7.2,"37,046","29,616",
13267,4.3,"41,457","5,733",
13269,6.7,"28,234","1,559",
13271,9.9,"36,264","22,842",
13273,7.5,"37,122","7,816",
13275,6.2,"47,978","12,477",
13277,5.1,"47,764","9,185",
13279,6.6,"41,442","45,798",
13281,6.7,"49,023","41,344",
13283,6.0,"37,478","27,030",
13285,7.3,"47,296","12,493",
13287,7.2,"35,400","6,406",
13289,7.4,"44,079","69,426",
13291,4.4,"57,049","9,006",
13293,6.6,"40,926","8,022",
13295,4.9,"47,548","24,632",
13297,5.4,"67,007","27,700",
13299,5.6,"37,642","67,654",
13301,6.8,"37,313","96,673",
13303,6.4,"41,674","36,251",
13305,5.6,"47,382","5,215",
13307,5.7,"41,547","19,988",
13309,7.2,"35,927","30,144",
13311,4.4,"54,786","2,348",
13313,7.3,"53,115","7,471",
13315,5.7,"38,261","28,003",
13317,6.7,"39,716","102,864",
13319,5.4,"43,902","8,766",
13321,5.4,"43,142","9,565",
15000,11.6,"83,734","8,877",
15001,11.4,"64,929","20,784",
15003,10.2,"86,946","1,455,271",
15007,16.2,"73,029","200,629",
15009,17.8,"77,375","1,016,508",
16000,5.4,"60,830",82,
16001,5.4,"72,295","73,298",
16003,9.3,"50,042","164,754",
16005,4.9,"53,306","1,839,106",
16007,4.2,"54,550","494,967",
16009,7.5,"49,303","4,379",
16011,3.9,"59,959","87,018",
16013,7.8,"75,778","6,372",
16015,8.0,"64,443","9,530",
16017,7.5,"56,729","47,992",
16019,4.0,"65,165","24,272",
16021,6.2,"50,709","7,610",
16023,3.6,"51,742","47,110",
16025,4.8,"56,014","123,964",
16027,5.9,"58,670","12,056",
16029,3.6,"61,518","2,574",
16031,3.7,"53,284","1,077",
16033,4.0,"48,726","231,105",
16035,8.2,"49,816","7,027",
16037,5.0,"49,055","24,655",
16039,4.8,"47,796",790,
16041,3.6,"55,421","8,734",
16043,3.6,"56,162","4,275",
16045,5.9,"53,733","28,666",
16047,3.8,"50,205","14,194",
16049,6.7,"48,866","13,388",
16051,3.4,"63,078","19,123",
16053,4.0,"56,320","15,598",
16055,6.9,"62,764","16,541",
16057,4.7,"54,999","30,891",
16059,6.7,"46,062","24,237",
16061,7.7,"45,342","171,362",
16063,5.8,"50,608","39,517",
16065,2.7,"46,177","7,974",
16067,3.8,"56,173","3,533",
16069,4.9,"67,645","5,127",
16071,4.2,"55,833","52,913",
16073,6.0,"48,395","21,613",
16075,5.3,"53,643","42,090",
16077,4.1,"50,981","4,564",
16079,9.1,"39,239","11,913",
16081,5.7,"73,637","25,386",
16083,5.3,"56,141","7,878",
16085,7.9,"64,041","13,169",
16087,5.4,"45,813","11,630",
17000,9.5,"69,212","90,046",
17001,6.3,"55,942","11,746",
17003,9.8,"37,408","10,500",
17005,6.8,"53,447","12,812,508",
17007,11.2,"72,426","65,737",
17009,3.8,"60,254","5,240",
17011,7.6,"57,935","16,725",
17013,7.6,"63,373","53,448",
17015,7.2,"56,468","6,244",
17017,6.7,"51,011","33,244",
17019,6.4,"53,485","4,437",
17021,8.1,"51,573","15,702",
17023,7.9,"58,323","13,042",
17025,9.4,"49,377","205,865",
17027,5.8,"67,201","34,032",
17029,7.4,"50,467","15,455",
17031,11.1,"69,375","13,288",
17033,7.0,"50,352","36,899",
17035,5.7,"53,991","46,863",
17037,8.2,"64,676","5,275,541",
17039,6.5,"59,521","18,679",
17041,5.6,"64,283","10,450",
17043,7.9,"96,354","100,420",
17045,6.6,"51,333","15,516",
17047,8.2,"54,930","19,740",
17049,6.6,"58,943","932,877",
17051,7.5,"48,913","16,866",
17053,6.4,"55,369","6,245",
17055,10.5,"43,695","34,668",
17057,8.6,"50,461","21,488",
17059,9.2,"46,515","13,534",
17061,6.5,"52,116","37,804",
17063,8.8,"83,135","33,609",
17065,6.7,"51,031","4,946",
17067,6.9,"53,724","11,985",
17069,9.2,"44,573","52,533",
17071,6.9,"55,535","7,993",
17073,7.8,"61,680","17,620",
17075,6.2,"51,542","3,649",
17077,7.7,"37,308","6,387",
17079,6.0,"59,980","49,284",
17081,10.1,"50,531","27,077",
17083,7.4,"63,351","52,974",
17085,8.3,"62,522","9,287",
17087,8.9,"55,022","37,113",
17089,9.1,"84,311","21,512",
17091,8.8,"60,763","22,035",
17093,8.4,"105,586","13,308",
17095,8.6,"43,404","516,522",
17097,8.1,"92,638","107,502",
17099,9.4,"59,528","131,869",
17101,8.7,"47,114","49,967",
17103,6.8,"57,619","714,342",
17105,6.7,"54,422","109,658",
17107,6.7,"53,806","15,280",
17109,7.1,"49,048","34,145",
17111,8.3,"89,379","35,815",
17113,6.8,"69,230","27,987",
17115,9.9,"52,259","27,238",
17117,6.9,"54,174","310,229",
17119,7.7,"66,591","170,954",
17121,9.3,"52,291","103,998",
17123,7.4,"63,628","44,967",
17125,8.0,"51,967","265,859",
17127,10.0,"54,159","37,729",
17129,6.4,"77,306","11,742",
17131,8.0,"62,241","13,086",
17133,5.6,"90,904","14,169",
17135,8.7,"51,665","12,297",
17137,6.9,"55,937","15,699",
17139,5.0,"65,472","34,962",
17141,8.1,"63,565","28,288",
17143,10.4,"57,717","32,915",
17145,9.4,"56,880","14,526",
17147,5.4,"72,265","51,788",
17149,6.0,"54,309","181,830",
17151,7.9,"46,478","20,945",
17153,11.7,"38,506","16,673",
17155,8.3,"74,367","14,739",
17157,7.1,"58,444","3,763",
17159,6.8,"49,775","5,193",
17161,9.4,"57,772","5,637",
17163,9.0,"57,726","30,163",
17165,9.7,"48,547","15,813",
17167,8.2,"61,768","144,672",
17169,6.2,"56,015","257,400",
17171,6.6,"61,231","23,768",
17173,6.4,"61,376","196,343",
17175,7.3,"54,804","6,902",
17177,7.3,"51,786","4,949",
17179,8.1,"66,206","20,990",
17181,8.1,"51,575","5,400",
17183,8.8,"46,295","44,630",
17185,8.3,"54,249","131,343",
17187,6.2,"53,621","17,244",
17189,5.3,"64,297","74,188",
17191,8.3,"51,829","11,361",
17193,7.6,"51,388","16,835",
17195,8.0,"50,880","13,761",
17197,9.5,"90,249","16,179",
17199,8.7,"56,958","13,877",
17201,11.4,"59,510","55,691",
17203,6.1,"77,117","696,355",
18000,7.1,"57,617","67,153",
18001,5.6,"53,532","285,350",
18003,7.7,"56,838","38,467",
18005,6.5,"71,181","6,785,528",
18007,5.2,"55,016","35,809",
18009,8.0,"46,811","385,410",
18011,4.3,"84,137","82,208",
18013,6.7,"59,617","8,719",
18015,6.0,"58,965","12,112",
18017,6.8,"51,777","70,812",
18019,7.2,"59,441","15,475",
18021,6.6,"54,349","20,306",
18023,5.6,"55,336","37,870",
18025,7.1,"44,332","121,093",
18027,3.8,"56,611","26,466",
18029,6.9,"71,351","33,190",
18031,7.5,"60,891","10,526",
18033,6.9,"59,714","33,381",
18035,7.3,"45,912","50,679",
18037,4.5,"63,869","26,472",
18039,7.5,"55,782","43,265",
18041,9.9,"48,499","111,903",
18043,6.5,"64,614","43,637",
18045,6.5,"55,337","207,047",
18047,5.9,"67,315","23,398",
18049,6.6,"55,011","80,484",
18051,6.2,"61,872","16,479",
18053,6.3,"47,509","22,785",
18055,6.2,"51,918","20,480",
18057,4.7,"107,710","33,011",
18059,5.6,"77,905","66,674",
18061,6.3,"64,270","30,803",
18063,5.0,"85,827","347,467",
18065,6.6,"49,293","79,840",
18067,10.9,"54,048","39,654",
18069,6.6,"54,565","174,788",
18071,7.2,"59,472","48,914",
18073,7.0,"65,352","83,658",
18075,6.6,"49,447","36,662",
18077,7.4,"53,378","46,428",
18079,7.6,"55,022","32,918",
18081,5.6,"74,427","20,478",
18083,5.9,"48,760","33,147",
18085,6.1,"64,677","27,613",
18087,6.4,"70,746","161,765",
18089,10.3,"57,280","36,282",
18091,9.5,"56,427","80,240",
18093,6.9,"56,261","40,446",
18095,7.9,"54,145","498,700",
18097,7.9,"50,707","112,417",
18099,6.4,"53,695","45,011",
18101,4.2,"56,735","130,129",
18103,8.2,"53,658","977,203",
18105,5.5,"53,113","46,095",
18107,5.2,"54,366","9,812",
18109,5.4,"63,414","35,962",
18111,6.9,"61,457","139,718",
18113,8.4,"60,980","37,936",
18115,7.4,"58,294","71,780",
18117,11.1,"47,931","13,830",
18119,6.3,"53,387","47,457",
18121,5.5,"51,554","5,940",
18123,6.5,"53,908","19,867",
18125,5.9,"52,378","21,321",
18127,8.1,"74,064","16,156",
18129,4.9,"68,435","19,170",
18131,6.1,"52,432","12,250",
18133,6.2,"64,098","173,215",
18135,6.6,"50,496","25,222",
18137,6.4,"61,219","12,514",
18139,6.3,"54,371","36,726",
18141,8.4,"53,881","24,502",
18143,8.4,"50,571","28,995",
18145,7.1,"59,798","16,752",
18147,5.6,"59,183","272,912",
18149,8.0,"54,001","24,384",
18151,6.2,"59,444","45,055",
18153,7.0,"53,375","19,810",
18155,8.1,"52,482","23,371",
18157,6.3,"51,228","34,435",
18159,6.1,"69,960","20,817",
18161,5.5,"53,866","9,737",
18163,7.2,"51,603","186,251",
18165,7.5,"50,723","15,359",
18167,7.9,"48,082","7,087",
18169,6.1,"59,874","180,136",
18171,5.4,"64,109","15,439",
18173,5.4,"79,644","106,153",
18175,6.9,"51,948","30,976",
18177,6.8,"47,885","8,440",
18179,5.7,"61,636","63,898",
18181,5.0,"58,295","28,182",
18183,5.9,"67,347","66,553",
19000,5.3,"61,807","28,180",
19001,4.0,"57,977","24,688",
19003,3.8,"53,385","34,191",
19005,5.1,"56,240","3,190,369",
19007,5.3,"41,672","7,496",
19009,3.4,"53,197","3,704",
19011,5.0,"70,023","14,061",
19013,6.2,"60,010","12,317",
19015,4.1,"63,975","5,674",
19017,3.9,"67,229","25,575",
19019,4.6,"67,906","131,144",
19021,3.7,"57,048","26,715",
19023,4.7,"57,080","24,988",
19025,4.1,"57,007","20,565",
19027,4.0,"61,379","20,823",
19029,3.9,"53,692","14,334",
19031,4.4,"71,029","9,927",
19033,5.2,"54,589","20,760",
19035,3.8,"59,901","13,127",
19037,4.7,"60,111","18,505",
19039,5.4,"57,708","43,127",
19041,4.5,"57,174","11,658",
19043,5.7,"53,223","12,012",
19045,6.7,"56,865","9,748",
19047,5.2,"58,077","16,384",
19049,3.6,"97,535","17,043",
19051,4.0,"57,150","46,460",
19053,3.8,"44,873","16,525",
19055,4.0,"70,091","99,678",
19057,7.5,"53,547","9,110",
19059,5.1,"66,211","7,645",
19061,5.9,"62,481","17,488",
19063,5.0,"55,635","38,910",
19065,5.5,"53,142","17,703",
19067,6.0,"55,369","99,266",
19069,3.8,"55,847","9,388",
19071,3.1,"60,498","19,509",
19073,4.2,"55,562","15,627",
19075,4.4,"73,683","10,019",
19077,5.0,"64,965","6,605",
19079,4.4,"63,234","8,771",
19081,4.7,"62,030","12,329",
19083,4.6,"57,103","10,623",
19085,4.0,"63,901","15,039",
19087,5.3,"57,747","10,795",
19089,4.5,"58,028","16,878",
19091,4.2,"56,695","14,582",
19093,3.6,"58,249","20,482",
19095,4.4,"66,861","9,469",
19097,6.1,"57,687","9,597",
19099,5.3,"67,317","7,005",
19101,5.7,"51,741","16,662",
19103,4.8,"67,295","19,485",
19105,5.7,"63,399","37,813",
19107,4.9,"54,937","15,663",
19109,3.8,"59,568","152,854",
19111,6.5,"51,089","20,646",
19113,6.4,"64,783","10,033",
19115,5.0,"60,544","14,828",
19117,3.6,"53,085","33,555",
19119,2.5,"66,139","230,299",
19121,5.7,"72,578","10,837",
19123,4.8,"59,242","8,634",
19125,4.2,"66,381","11,934",
19127,7.1,"55,631","16,548",
19129,3.9,"72,679","22,190",
19131,3.4,"61,247","33,414",
19133,4.8,"53,104","40,105",
19135,5.2,"56,397","14,484",
19137,4.7,"52,715","10,565",
19139,6.0,"61,767","8,751",
19141,3.4,"60,298","7,577",
19143,2.9,"60,702","10,330",
19145,5.0,"52,179","43,235",
19147,4.6,"55,074","14,182",
19149,3.6,"69,165","6,192",
19151,3.5,"56,146","15,211",
19153,6.0,"67,331","8,996",
19155,5.2,"60,322","25,698",
19157,4.9,"57,741","7,078",
19159,3.9,"50,890","492,401",
19161,3.5,"59,392","93,667",
19163,6.8,"65,724","18,662",
19165,3.6,"60,498","4,663",
19167,2.7,"71,566","9,814",
19169,3.6,"64,151","174,669",
19171,5.1,"56,281","11,746",
19173,3.7,"51,510","35,872",
19175,5.9,"52,914","98,537",
19177,4.6,"50,425","17,135",
19179,6.0,"50,533","5,896",
19181,4.6,"79,557","12,138",
19183,4.1,"63,230","7,203",
19185,4.5,"49,962","35,437",
19187,5.2,"53,344","52,403",
19189,6.4,"50,258","22,565",
19191,4.9,"65,482","6,497",
19193,5.3,"58,419","36,999",
19195,5.4,"60,139","10,679",
19197,4.0,"54,251","20,070",
20000,5.9,"62,028","105,941",
20001,5.4,"46,690","7,443",
20003,4.1,"51,352","12,943",
20005,6.9,"51,860","2,937,880",
20007,3.4,"50,660","12,526",
20009,4.6,"50,754","7,836",
20011,5.6,"47,452","16,348",
20013,4.5,"47,558","4,228",
20015,6.5,"66,199","25,493",
20017,5.5,"51,022","14,360",
20019,6.1,"43,664","9,508",
20021,5.2,"47,682","67,380",
20023,2.2,"47,323","2,572",
20025,2.0,"59,085","3,379",
20027,4.5,"52,781","19,362",
20029,4.1,"46,299","2,616",
20031,5.2,"62,715","1,991",
20033,3.5,"47,854","8,117",
20035,6.5,"51,537","9,032",
20037,5.5,"42,723","8,360",
20039,3.7,"46,878","1,689",
20041,4.9,"58,066","34,549",
20043,4.5,"52,596","38,972",
20045,6.1,"62,559","2,764",
20047,3.0,"49,047","18,402",
20049,4.8,"41,930","7,510",
20051,3.5,"51,237","118,785",
20053,3.3,"56,988","2,907",
20055,3.5,"57,412","2,483",
20057,3.4,"54,604","28,934",
20059,5.4,"55,984","6,376",
20061,6.9,"58,978","38,470",
20063,2.9,"52,986","34,287",
20065,4.6,"48,912","25,996",
20067,4.1,"65,178","36,739",
20069,2.2,"69,077","2,718",
20071,1.8,"58,492","2,415",
20073,5.2,"44,876","7,352",
20075,1.7,"55,857","5,653",
20077,4.4,"47,540","1,284",
20079,5.3,"62,961","6,016",
20081,2.4,"62,477","2,518",
20083,2.7,"58,360","5,485",
20085,5.4,"60,615","34,024",
20087,4.9,"68,549","3,780",
20089,3.1,"46,017","1,723",
20091,5.1,"91,913","13,232",
20093,2.7,"67,301","18,368",
20095,5.2,"56,907","2,932",
20097,3.3,"49,588","609,863",
20099,5.6,"44,170","3,983",
20101,2.9,"60,315","7,470",
20103,5.8,"75,840","2,460",
20105,2.9,"47,557","20,184",
20107,7.0,"62,876","1,574",
20109,2.5,"53,538","81,881",
20111,4.8,"49,840","2,939",
20113,3.5,"65,834","9,591",
20115,4.1,"51,771","2,762",
20117,3.1,"55,858","32,179",
20119,2.8,"64,640","30,223",
20121,5.0,"74,428","11,823",
20123,2.7,"51,979","10,038",
20125,7.3,"44,240","4,055",
20127,3.9,"54,775","34,191",
20129,3.0,"56,175","5,796",
20131,3.0,"63,373","31,486",
20133,6.4,"49,533","5,386",
20135,3.4,"54,727","2,701",
20137,2.7,"49,739","10,273",
20139,5.1,"55,655","15,904",
20141,2.9,"46,351","2,687",
20143,4.3,"58,729","5,459",
20145,3.8,"65,141","15,766",
20147,3.4,"51,546","3,500",
20149,4.3,"73,685","5,735",
20151,3.6,"53,980","6,253",
20153,2.5,"50,768","4,981",
20155,5.5,"53,371","25,348",
20157,3.3,"47,082","9,157",
20159,4.2,"56,350","2,561",
20161,5.0,"51,996","61,898",
20163,4.0,"49,485","4,674",
20165,4.6,"53,189","9,427",
20167,4.2,"46,112","71,959",
20169,5.5,"56,741","4,919",
20171,2.5,"62,914","2,956",
20173,8.7,"60,014","6,691",
20175,4.4,"55,727","54,303",
20177,5.9,"59,451","5,151",
20179,2.3,"54,627","523,824",
20181,3.4,"54,000","21,964",
20183,2.7,"45,915","178,909",
20185,3.7,"51,007","2,447",
20187,2.4,"63,401","5,927",
20189,2.9,"61,264","3,570",
20191,8.1,"53,618","4,072",
20193,2.9,"58,652","2,084",
20195,3.5,"52,597","5,250",
20197,4.2,"66,168","22,382",
20199,2.2,"54,714","7,930",
20201,2.5,"46,263","2,808",
20203,2.1,"54,009","6,877",
20205,7.8,"46,243","1,512",
20207,5.9,"43,751","5,530",
20209,7.8,"47,292","2,152",
21000,6.6,"52,256","8,624",
21001,7.2,"37,650","3,115",
21003,5.5,"47,307","169,245",
21005,6.1,"61,308","4,505,836",
21007,6.6,"48,053","18,903",
21009,7.5,"44,859","20,588",
21011,8.3,"42,248","23,852",
21013,7.8,"30,940","7,728",
21015,5.4,"78,806","44,485",
21017,5.9,"47,046","12,750",
21019,8.3,"50,017","24,097",
21021,7.4,"53,644","135,968",
21023,6.2,"53,289","20,252",
21025,10.2,"33,407","48,261",
21027,7.3,"46,069","30,614",
21029,6.4,"66,335","8,400",
21031,6.9,"46,305","13,718",
21033,6.2,"44,144","20,432",
21035,6.2,"45,574","82,217",
21037,5.6,"66,520","12,371",
21039,4.7,"49,659","12,649",
21041,5.9,"51,672","37,103",
21043,9.6,"43,492","93,076",
21045,6.2,"34,751","4,826",
21047,7.8,"46,390","10,810",
21049,6.6,"55,428","26,627",
21051,8.6,"30,175","15,941",
21053,5.1,"34,005","72,748",
21055,5.5,"44,595","36,972",
21057,4.9,"34,897","20,345",
21059,6.1,"52,620","9,253",
21061,7.7,"47,482","8,990",
21063,10.1,"34,262","5,888",
21065,7.5,"35,004","103,312",
21067,5.7,"58,981","12,126",
21069,7.3,"43,943","7,354",
21071,9.2,"35,828","14,163",
21073,6.6,"58,917","322,570",
21075,6.5,"34,376","15,082",
21077,6.0,"55,273","35,942",
21079,6.3,"51,757","51,541",
21081,7.1,"55,210","6,515",
21083,5.9,"48,038","8,690",
21085,7.8,"43,771","16,953",
21087,5.4,"38,896","24,941",
21089,8.9,"52,179","36,649",
21091,6.1,"60,626","26,420",
21093,7.1,"57,711","11,107",
21095,11.9,"30,050","35,962",
21097,6.1,"51,475","9,095",
21099,6.4,"42,718","110,702",
21101,6.1,"53,199","26,831",
21103,5.7,"51,806","18,692",
21105,5.5,"52,331","19,288",
21107,7.4,"48,769","44,793",
21109,8.7,"34,940","15,678",
21111,6.8,"59,025","4,521",
21113,5.6,"62,533","45,423",
21115,8.7,"31,202","12,955",
21117,5.8,"68,692","782,969",
21119,8.5,"32,613","52,991",
21121,8.2,"31,634","22,680",
21123,7.2,"49,785","169,064",
21125,6.9,"44,033","14,251",
21127,8.3,"38,055","30,193",
21129,7.0,"30,905","14,867",
21131,10.8,"32,202","62,613",
21133,10.2,"32,435","16,293",
21135,9.5,"37,410","7,395",
21137,7.9,"43,220","10,513",
21139,7.5,"50,521","21,548",
21141,5.5,"48,902","13,080",
21143,5.3,"52,978","24,275",
21145,7.2,"48,219","8,888",
21147,7.3,"32,701","27,432",
21149,5.6,"51,184","8,680",
21151,6.0,"50,316","67,875",
21153,16.1,"32,045","16,888",
21155,7.8,"48,062","9,152",
21157,6.1,"57,945","92,701",
21159,11.6,"34,291","11,637",
21161,8.0,"47,861","19,581",
21163,7.1,"54,946","31,659",
21165,8.9,"37,457","11,287",
21167,7.3,"55,267","17,120",
21169,7.8,"38,978","30,003",
21171,5.4,"36,512","6,113",
21173,8.0,"52,903","22,641",
21175,6.9,"37,433","10,286",
21177,8.7,"45,049","11,338",
21179,6.9,"64,795","28,114",
21181,6.8,"38,084","13,726",
21183,7.2,"47,542","30,928",
21185,4.8,"101,152","46,738",
21187,6.4,"51,494","7,537",
21189,7.4,"28,727","23,772",
21191,5.2,"58,962","67,607",
21193,8.9,"38,000","11,278",
21195,8.4,"36,875","4,051",
21197,7.3,"41,760","14,644",
21199,7.3,"43,568","28,473",
21201,6.1,"47,017","58,669",
21203,7.1,"40,790","13,129",
21205,7.5,"44,068","65,034",
21207,8.2,"44,056","2,193",
21209,6.3,"74,719","16,037",
21211,5.5,"71,737","24,662",
21213,7.2,"52,931","17,991",
21215,5.8,"79,863","57,155",
21217,6.0,"48,485","48,065",
21219,4.8,"47,742","19,594",
21221,6.9,"49,955","19,490",
21223,6.8,"58,998","26,023",
21225,6.3,"49,870","12,243",
21227,6.6,"53,238","14,061",
21229,6.2,"51,286","8,474",
21231,6.5,"34,449","13,668",
21233,6.4,"49,079","134,554",
21235,7.1,"38,191","12,027",
21237,7.7,"32,773","19,555",
21239,5.0,"67,815","13,017",
22000,8.3,"51,108","36,712",
22001,7.3,"44,728","6,562",
22003,9.2,"47,111","26,871",
22005,6.7,"83,072","4,657,757",
22007,10.1,"51,763","57,576",
22009,8.0,"38,316","22,750",
22011,6.7,"55,343","126,500",
22013,7.7,"37,198","21,039",
22015,6.4,"54,080","39,693",
22017,9.0,"45,613","36,549",
22019,9.0,"53,050","12,981",
22021,7.3,"44,007","128,746",
22023,5.7,"60,317","237,848",
22025,7.1,"36,794","216,785",
22027,6.6,"36,497","9,645",
22029,8.1,"36,276","5,617",
22031,7.3,"47,347","8,906",
22033,7.8,"56,303","14,170",
22035,11.7,"29,943","18,687",
22037,6.7,"50,041","26,812",
22039,7.7,"35,146","456,781",
22041,8.1,"35,484","7,459",
22043,6.5,"49,544","19,539",
22045,9.4,"47,731","32,350",
22047,9.8,"55,198","19,774",
22049,5.3,"43,232","22,169",
22051,9.3,"55,909","69,929",
22053,7.5,"47,988","30,241",
22055,7.1,"60,053","15,031",
22057,6.5,"54,145","440,781",
22059,4.7,"51,014","32,250",
22061,6.3,"41,608","241,753",
22063,6.4,"63,852","97,557",
22065,8.4,"32,229","14,791",
22067,9.8,"34,922","48,396",
22069,6.8,"49,536","142,282",
22071,12.2,"45,092","10,017",
22073,7.4,"43,235","25,629",
22075,7.0,"60,795","37,515",
22077,7.8,"48,011","383,997",
22079,6.2,"49,687","160,368",
22081,6.2,"39,806","23,515",
22083,7.6,"39,586","20,758",
22085,5.5,"45,486","130,023",
22087,10.2,"45,806","7,620",
22089,7.8,"71,579","20,043",
22091,11.5,"43,376","22,155",
22093,9.7,"57,250","43,764",
22095,11.2,"54,944","52,549",
22097,8.7,"39,599","10,920",
22099,8.1,"47,247","20,192",
22101,9.2,"40,918","42,477",
22103,6.8,"71,526","82,540",
22105,9.5,"47,860","51,767",
22107,8.4,"31,436","49,406",
22109,7.7,"51,719","264,570",
22111,7.1,"44,617","133,157",
22113,7.4,"50,193","4,147",
22115,7.1,"51,652","109,580",
22117,8.2,"35,505","21,107",
22119,7.9,"38,386","57,359",
22121,7.2,"65,344","48,750",
22123,10.1,"42,614","45,463",
22125,5.4,"65,296","36,967",
22127,7.1,"43,166","27,199",
23000,5.4,"58,824","9,751",
23001,5.5,"58,958","15,310",
23003,5.5,"40,675","13,755",
23005,5.3,"75,254","1,362,359",
23007,6.1,"51,136","111,139",
23009,5.7,"58,926","67,105",
23011,5.0,"55,358","303,069",
23013,5.4,"55,910","29,456",
23015,5.3,"58,619","55,478",
23017,6.7,"50,344","123,642",
23019,5.4,"50,702","40,607",
23021,5.5,"43,509","35,237",
23023,4.7,"65,841","57,777",
23025,6.6,"45,333","152,199",
23027,5.2,"51,073","16,800",
23029,6.2,"39,068","36,699",
23031,5.4,"66,803","50,477",
24000,6.8,"86,644","39,607",
24001,7.8,"48,170","31,095",
24003,5.8,"100,916","211,972",
24005,6.8,"76,972","6,177,224",
24009,5.2,"111,056","68,106",
24011,5.5,"60,143","588,261",
24013,5.1,"101,810","854,535",
24015,5.9,"75,307","92,783",
24017,6.7,"102,510","33,293",
24019,6.7,"48,709","172,891",
24021,5.9,"102,951","103,725",
24023,6.6,"59,253","166,617",
24025,5.8,"91,492","32,531",
24027,5.2,"121,329","271,717",
24029,6.6,"65,615","28,806",
24031,6.3,"110,012","260,924",
24033,8.2,"85,357","332,317",
24035,5.5,"101,350","19,198",
24037,4.8,"89,123","1,062,061",
24039,8.3,"38,731","967,201",
24041,6.0,"75,714","49,874",
24043,6.7,"59,785","113,777",
24045,7.5,"54,351","24,620",
24047,11.2,"65,821","37,526",
24510,8.8,"49,780","154,705",
25000,8.9,"85,700","103,588",
25001,10.2,"82,686","52,460",
25003,9.1,"58,805","585,708",
25005,10.2,"69,857","7,029,917",
25007,9.2,"76,036","228,996",
25009,9.8,"83,253","129,026",
25011,7.4,"60,143","579,200",
25013,10.4,"59,918","20,600",
25015,7.2,"74,142","809,829",
25017,7.3,"106,543","71,029",
25019,10.3,"96,030","465,825",
25021,8.3,"106,851","162,308",
25023,9.5,"90,584","1,632,002",
25025,9.7,"75,843","14,255",
25027,8.8,"77,795","725,981",
26000,9.9,"59,522","530,819",
26001,9.9,"41,491","797,936",
26003,10.7,"52,285","862,111",
26005,7.3,"66,568","10,077,331",
26007,7.7,"43,676","10,167",
26009,9.7,"58,317","8,842",
26011,11.4,"44,017","120,502",
26013,11.7,"48,371","28,907",
26015,7.4,"67,703","23,431",
26017,9.2,"50,130","15,002",
26019,9.4,"56,934","8,158",
26021,8.6,"50,659","62,423",
26023,8.1,"52,255","103,856",
26025,9.7,"50,205","17,970",
26027,8.8,"55,029","154,316",
26029,9.8,"58,831","44,862",
26031,14.6,"47,876","134,310",
26033,8.9,"49,610","51,589",
26035,11.5,"42,480","26,054",
26037,6.6,"72,666","25,579",
26039,10.4,"49,114","36,785",
26041,8.7,"48,880","30,856",
26043,7.0,"53,751","79,128",
26045,7.7,"65,891","12,988",
26047,10.5,"59,456","36,903",
26049,11.2,"50,554","25,947",
26051,9.7,"46,458","109,175",
26053,7.7,"39,030","34,112",
26055,8.4,"65,041","406,211",
26057,8.0,"51,046","25,386",
26059,9.1,"50,015","14,380",
26061,7.2,"45,006","95,238",
26063,8.5,"49,126","41,761",
26065,7.5,"54,704","45,746",
26067,7.9,"59,582","37,361",
26069,10.5,"43,605","31,407",
26071,8.1,"46,814","284,900",
26073,8.4,"46,677","66,804",
26075,9.0,"56,001","25,237",
26077,7.2,"56,739","11,631",
26079,11.1,"47,620","64,394",
26081,7.6,"66,560","160,366",
26083,8.9,"47,318","261,670",
26085,10.8,"38,044","17,939",
26087,12.5,"66,415","657,974",
26089,8.0,"72,888","2,046",
26091,9.0,"55,466","12,096",
26093,8.8,"87,827","88,619",
26095,8.6,"45,464","22,301",
26097,13.4,"44,986","99,423",
26099,12.0,"65,051","193,866",
26101,10.8,"50,047","5,339",
26103,8.3,"54,913","10,834",
26105,9.2,"49,869","881,217",
26107,9.1,"47,705","25,032",
26109,6.4,"49,189","66,017",
26111,7.5,"69,859","29,052",
26113,9.1,"51,317","39,714",
26115,8.9,"64,341","23,502",
26117,9.1,"52,089","83,494",
26119,13.1,"40,126","15,052",
26121,11.4,"50,730","154,809",
26123,8.7,"51,772","66,614",
26125,9.3,"81,257","9,153",
26127,10.3,"52,319","175,824",
26129,10.9,"41,347","49,978",
26131,10.3,"45,531","1,274,395",
26133,8.3,"47,343","26,659",
26135,11.9,"44,594","20,770",
26137,10.3,"52,392","5,816",
26139,6.8,"69,827","22,891",
26141,11.1,"47,339","8,219",
26143,12.1,"42,546","25,091",
26145,9.9,"48,471","296,200",
26147,12.0,"60,208","12,982",
26149,9.1,"54,024","23,459",
26151,9.7,"49,917","190,124",
26153,9.7,"50,256","160,383",
26155,9.2,"55,633","60,939",
26157,10.1,"52,342","40,611",
26159,8.3,"58,733","8,047",
26161,6.4,"76,728","68,094",
26163,13.8,"50,753","53,323",
26165,10.2,"53,146","75,587",
27000,6.2,"74,529","372,258",
27001,8.1,"51,936","1,793,561",
27003,6.3,"83,363","33,673",
27005,6.2,"61,311","5,706,494",
27007,6.3,"54,638","15,697",
27009,6.6,"63,395","363,887",
27011,4.7,"52,692","35,183",
27013,5.4,"60,408","46,228",
27015,5.1,"62,904","41,379",
27017,7.2,"65,749","5,166",
27019,5.2,"101,891","69,112",
27021,9.2,"54,267","25,912",
27023,5.1,"54,984","36,207",
27025,6.6,"84,811","106,922",
27027,4.3,"64,874","30,066",
27029,9.4,"54,896","12,598",
27031,8.4,"58,664","56,621",
27033,4.6,"53,725","65,318",
27035,7.2,"60,384","8,524",
27037,6.2,"89,075","5,600",
27039,5.4,"86,436","11,517",
27041,4.8,"67,592","66,123",
27043,6.2,"54,193","439,882",
27045,5.0,"62,716","20,867",
27047,5.6,"56,716","39,006",
27049,5.9,"71,497","13,921",
27051,5.3,"55,247","21,228",
27053,6.6,"82,323","30,895",
27055,4.3,"64,920","47,582",
27057,7.1,"56,064","6,074",
27059,6.8,"77,963","1,281,565",
27061,8.4,"58,660","18,843",
27063,4.8,"57,915","21,344",
27065,8.0,"63,595","41,135",
27067,4.8,"64,129","45,014",
27069,4.6,"62,762","9,989",
27071,7.4,"52,545","16,032",
27073,4.7,"56,825","43,732",
27075,7.3,"61,082","4,207",
27077,6.1,"56,244","12,062",
27079,6.8,"75,519","6,719",
27081,4.4,"55,328","10,905",
27083,4.5,"63,849","3,763",
27085,5.7,"64,380","28,674",
27087,13.0,"46,702","5,640",
27089,6.5,"59,793","25,269",
27091,5.2,"54,602","36,771",
27093,5.2,"63,812","5,411",
27095,8.4,"59,262","9,040",
27097,6.8,"61,847","20,025",
27099,5.0,"55,276","23,400",
27101,5.1,"61,007","26,459",
27103,4.8,"71,067","34,010",
27105,4.2,"57,300","40,029",
27107,6.3,"53,961","8,179",
27109,5.4,"80,631","34,454",
27111,5.4,"59,901","22,290",
27113,6.2,"55,870","6,441",
27115,8.6,"55,684","162,847",
27117,4.0,"55,405","60,081",
27119,5.6,"60,582","13,992",
27121,4.5,"59,442","28,876",
27123,6.9,"68,652","9,424",
27125,6.4,"58,384","31,192",
27127,5.5,"60,097","11,308",
27129,5.5,"59,110","552,352",
27131,5.2,"72,438","3,935",
27133,3.0,"63,451","15,425",
27135,5.7,"62,924","14,723",
27137,7.2,"60,228","67,097",
27139,5.9,"108,718","9,704",
27141,6.1,"95,323","15,331",
27143,5.5,"66,757","200,231",
27145,5.7,"66,449","150,928",
27147,5.5,"68,603","97,183",
27149,3.3,"59,045","14,836",
27151,5.8,"60,127","158,292",
27153,5.3,"51,746","37,406",
27155,4.4,"57,602","9,671",
27157,5.3,"63,435","9,838",
27159,7.6,"50,663","25,262",
27161,6.2,"63,907","3,360",
27163,5.6,"100,857","21,387",
27165,4.6,"57,290","14,065",
27167,4.1,"69,890","18,968",
27169,4.9,"64,219","267,568",
27171,5.5,"91,374","11,253",
27173,4.6,"61,074","6,506",
28000,8.1,"45,928","49,671",
28001,11.0,"34,583","141,337",
28003,6.2,"43,496","9,528",
28005,8.4,"41,575","2,961,279",
28007,8.3,"36,905","29,538",
28009,8.3,"37,875","34,740",
28011,8.7,"30,309","12,720",
28013,8.1,"38,648","17,889",
28015,7.7,"44,885","7,646",
28017,10.9,"37,533","30,985",
28019,6.4,"41,146","13,266",
28021,14.4,"31,221","9,998",
28023,8.4,"42,826","17,106",
28025,11.6,"33,653","8,246",
28027,12.5,"30,242","9,135",
28029,8.3,"42,299","15,615",
28031,6.9,"42,076","18,636",
28033,6.0,"67,450","21,390",
28035,8.0,"40,224","28,368",
28037,8.3,"41,420","18,340",
28039,9.1,"51,858","185,314",
28041,9.7,"48,641","78,158",
28043,7.2,"40,561","7,675",
28045,8.5,"50,401","24,350",
28047,9.5,"49,619","13,530",
28049,9.3,"44,773","21,629",
28051,16.2,"26,348","46,053",
28053,14.7,"28,464","208,621",
28055,9.2,"30,944","227,742",
28057,7.0,"49,214","17,000",
28059,9.5,"53,414","7,785",
28061,8.9,"40,923","1,338",
28063,18.4,"30,871","23,863",
28065,9.6,"32,077","143,252",
28067,7.1,"41,733","16,367",
28069,9.6,"33,472","7,260",
28071,6.1,"54,034","11,321",
28073,6.0,"62,606","67,246",
28075,7.5,"41,604","8,988",
28077,8.7,"43,668","55,813",
28079,7.9,"41,007","64,222",
28081,8.1,"50,803","72,984",
28083,10.7,"29,687","12,016",
28085,7.3,"45,062","21,275",
28087,8.3,"49,251","83,343",
28089,6.6,"70,824","28,339",
28091,7.1,"38,402","34,907",
28093,7.6,"43,107","58,879",
28095,8.9,"42,464","109,145",
28097,8.0,"38,475","24,441",
28099,9.3,"41,795","33,752",
28101,7.9,"42,962","34,180",
28103,11.0,"32,916","9,822",
28105,7.6,"41,631","29,087",
28107,9.8,"40,655","21,291",
28109,7.3,"45,874","10,285",
28111,8.7,"43,106","51,788",
28113,8.9,"35,044","33,208",
28115,7.8,"48,910","56,145",
28117,7.0,"43,465","11,511",
28119,10.9,"29,318","40,324",
28121,5.3,"67,284","31,184",
28123,5.8,"41,532","25,008",
28125,10.9,"31,138","6,176",
28127,6.8,"47,664","157,031",
28129,5.8,"46,296","27,990",
28131,7.5,"47,187","3,800",
28133,11.2,"32,948","25,949",
28135,7.4,"31,915","14,209",
28137,7.7,"50,188","18,333",
28139,7.0,"44,696","25,971",
28141,6.5,"43,341","12,715",
28143,14.9,"33,993","28,064",
28145,7.1,"49,320","21,815",
28147,8.4,"35,465","18,850",
28149,8.7,"46,606","9,782",
28151,11.0,"31,018","27,777",
28153,8.7,"39,036","13,884",
28155,7.4,"46,110","44,722",
28157,13.4,"32,612","44,922",
28159,8.7,"37,596","19,779",
28161,7.9,"40,515","9,926",
28163,9.7,"34,817","8,587",
29000,6.1,"57,375","17,714",
29001,5.1,"43,044","12,481",
29003,4.0,"62,823","26,743",
29005,4.0,"50,516","6,154,913",
29007,5.9,"45,609","25,314",
29009,6.5,"47,155","18,135",
29011,4.9,"46,397","5,305",
29013,5.3,"48,442","24,962",
29015,7.3,"42,144","34,534",
29017,5.6,"45,868","11,637",
29019,4.2,"58,029","16,042",
29021,4.9,"49,216","19,394",
29023,6.3,"41,327","10,567",
29025,5.4,"52,872","183,610",
29027,4.5,"58,720","84,793",
29029,7.0,"51,460","42,130",
29031,5.2,"57,618","8,815",
29033,6.0,"50,628","44,283",
29035,6.5,"36,383","42,745",
29037,5.3,"73,882","81,710",
29039,4.5,"38,427","8,495",
29041,4.0,"50,589","5,202",
29043,4.9,"63,400","107,824",
29045,6.0,"46,001","14,188",
29047,6.1,"70,705","7,408",
29049,5.9,"64,541","88,842",
29051,4.4,"61,847","6,634",
29053,5.6,"56,957","253,335",
29055,6.4,"48,315","21,184",
29057,4.4,"42,421","77,279",
29059,5.9,"42,389","17,103",
29061,4.2,"48,197","23,056",
29063,4.3,"53,997","7,569",
29065,4.8,"45,540","17,071",
29067,7.7,"39,773","8,430",
29069,7.3,"38,880","11,029",
29071,6.2,"61,428","14,421",
29073,5.8,"53,751","11,578",
29075,3.4,"53,663","28,283",
29077,5.3,"45,313","104,682",
29079,4.6,"44,323","14,794",
29081,4.5,"43,016","6,162",
29083,5.9,"46,995","298,915",
29085,5.1,"32,934","9,808",
29087,3.4,"47,429","8,157",
29089,4.1,"49,923","21,946",
29091,6.7,"40,177","8,279",
29093,7.0,"39,292","4,223",
29095,7.1,"57,907","10,151",
29097,5.7,"46,021","39,750",
29099,6.1,"68,779","9,537",
29101,5.7,"58,396","717,204",
29103,4.0,"41,755","122,761",
29105,8.3,"43,969","226,739",
29107,5.3,"62,264","54,013",
29109,6.1,"45,746","3,744",
29111,4.9,"40,782","36,039",
29113,6.3,"69,178","32,984",
29115,6.1,"45,774","38,001",
29117,3.8,"49,065","10,032",
29119,5.0,"39,615","59,574",
29121,4.8,"45,717","11,874",
29123,6.5,"43,919","14,557",
29125,4.8,"49,712","23,303",
29127,4.8,"50,803","15,209",
29129,3.6,"44,343","12,626",
29131,6.2,"49,252","8,432",
29133,5.3,"36,802","28,525",
29135,4.2,"57,321","3,538",
29137,5.9,"48,399","24,722",
29139,5.0,"50,282","12,577",
29141,6.3,"44,473","15,473",
29143,5.8,"42,115","8,666",
29145,5.8,"53,251","11,322",
29147,4.6,"47,419","21,006",
29149,6.7,"35,356","16,434",
29151,3.6,"60,728","58,648",
29153,7.2,"36,019","21,241",
29155,8.0,"34,280","8,635",
29157,5.7,"57,032","13,274",
29159,6.8,"48,516","8,553",
29161,4.8,"46,573","15,661",
29163,5.5,"49,089","18,956",
29165,5.4,"84,456","42,980",
29167,4.7,"44,837","44,638",
29169,5.6,"55,620","17,587",
29171,4.4,"42,434","106,718",
29173,4.5,"63,419","31,519",
29175,5.9,"48,043","53,955",
29177,6.9,"61,678","4,681",
29179,5.7,"37,415","10,355",
29181,7.9,"35,788","24,716",
29183,5.2,"89,236","23,158",
29185,6.1,"39,319","6,096",
29186,4.9,"61,662","10,679",
29187,7.0,"43,886","405,262",
29189,6.3,"70,161","9,284",
29195,4.5,"47,324","18,479",
29197,5.7,"43,183","66,922",
29199,3.3,"46,871","1,004,125",
29201,5.3,"44,924","23,333",
29203,7.3,"36,477","4,032",
29205,4.5,"45,939","4,716",
29207,6.0,"42,363","38,059",
29209,9.8,"50,262","7,031",
29211,4.3,"43,421","6,103",
29213,12.9,"49,314","28,672",
29215,5.8,"38,914","31,076",
29217,4.4,"46,182","5,999",
29219,5.8,"63,726","56,066",
29221,7.2,"41,198","24,487",
29223,6.1,"35,397","19,707",
29225,5.3,"54,844","35,532",
29227,4.2,"45,023","23,514",
29229,7.0,"39,384","10,974",
29510,8.5,"46,309","39,085",
30000,5.9,"57,248","1,973",
30001,4.0,"49,771","18,188",
30003,7.3,"43,718","301,578",
30005,4.8,"44,090","1,084,225",
30007,6.3,"60,622","9,371",
30009,6.0,"57,585","13,124",
30011,2.9,"49,057","7,044",
30013,5.9,"51,732","6,774",
30015,3.9,"48,017","10,473",
30017,4.8,"49,379","1,415",
30019,2.8,"50,001","84,414",
30021,5.6,"56,677","5,895",
30023,5.1,"41,780","11,867",
30025,4.0,"65,651","1,661",
30027,4.6,"48,703","8,940",
30029,7.8,"61,334","9,421",
30031,5.0,"73,731","3,049",
30033,2.7,"43,106","11,446",
30035,9.8,"41,808","104,357",
30037,4.7,"40,469","118,960",
30039,8.2,"49,646","1,173",
30041,5.0,"51,881","13,778",
30043,5.1,"70,929",823,
30045,4.9,"49,401","3,309",
30047,6.2,"49,019","16,309",
30049,5.0,"66,075","12,085",
30051,2.8,"41,240","2,023",
30053,10.1,"43,669","31,134",
30055,2.9,"48,551","70,973",
30057,5.1,"56,579","1,959",
30059,4.7,"43,946","19,677",
30061,10.2,"43,928","1,729",
30063,6.3,"57,279","8,623",
30065,6.1,"48,290","1,927",
30067,7.4,"51,740","4,535",
30069,3.4,"42,081","117,922",
30071,4.9,"47,679","4,730",
30073,4.9,"48,542","17,191",
30075,3.1,"47,843",496,
30077,4.6,"49,387","4,217",
30079,6.8,"46,663","5,898",
30081,5.8,"57,209","1,694",
30083,6.4,"69,095","6,946",
30085,6.0,"38,409","1,088",
30087,5.7,"58,139","44,174",
30089,7.8,"45,193","11,491",
30091,4.8,"51,111","10,794",
30093,6.6,"49,249","8,329",
30095,5.1,"68,186","12,400",
30097,3.6,"55,259","3,539",
30099,4.4,"54,458","35,133",
30101,5.0,"49,448","8,963",
30103,3.6,"51,754","3,678",
30105,4.3,"51,869","6,226",
30107,7.3,"42,059","4,971",
30109,5.1,"51,145",762,
30111,5.4,"61,435","7,578",
31000,4.2,"63,290","2,069",
31001,4.0,"55,182",937,
31003,2.3,"50,771","164,731",
31005,5.2,"46,417","1,961,504",
31007,2.6,"54,706","31,205",
31009,3.5,"45,411","6,295",
31011,2.5,"58,204",434,
31013,4.8,"61,522",674,
31015,2.8,"46,548",431,
31017,2.7,"48,843","5,379",
31019,4.0,"64,759","10,842",
31021,3.9,"54,554","1,810",
31023,3.4,"63,310","2,903",
31025,4.3,"72,915","50,084",
31027,2.7,"60,400","6,722",
31029,1.8,"57,656","8,369",
31031,2.4,"50,677","26,598",
31033,4.4,"56,229","8,380",
31035,3.2,"63,829","3,893",
31037,2.9,"62,472","5,455",
31039,2.5,"59,505","9,468",
31041,2.7,"51,004","6,104",
31043,4.8,"61,010","10,582",
31045,2.8,"46,377","9,013",
31047,3.4,"56,839","10,545",
31049,3.0,"48,793","21,582",
31051,3.2,"57,324","8,199",
31053,3.5,"60,853","24,111",
31055,5.1,"67,264","1,838",
31057,2.2,"45,446","5,606",
31059,2.8,"60,440","37,167",
31061,3.5,"49,659","584,526",
31063,2.9,"55,712","1,654",
31065,2.8,"50,705","5,551",
31067,4.0,"56,817","2,889",
31069,3.5,"41,158","2,519",
31071,2.0,"52,707","4,636",
31073,2.6,"64,870","21,704",
31075,2.0,"60,773","1,874",
31077,2.9,"48,178","1,813",
31079,5.8,"57,371","1,893",
31081,3.7,"68,236",611,
31083,2.9,"53,362","2,188",
31085,2.2,"46,399","62,895",
31087,3.5,"49,451","9,429",
31089,2.4,"54,474","3,073",
31091,2.7,"50,093",856,
31093,4.4,"56,881","2,616",
31095,2.7,"56,740","10,127",
31097,3.9,"54,567",711,
31099,3.2,"64,461","6,475",
31101,3.2,"51,478","7,240",
31103,2.0,"46,010","5,290",
31105,3.5,"52,284","6,688",
31107,3.0,"53,676","8,335",
31109,4.2,"61,383",769,
31111,3.9,"60,924","3,434",
31113,2.5,"53,108","8,391",
31115,2.9,"51,559","322,608",
31117,2.7,"52,033","34,676",
31119,3.9,"58,275",716,
31121,4.0,"53,411",607,
31123,3.6,"49,982",399,
31125,3.2,"55,853","35,585",
31127,3.6,"55,343","7,668",
31129,2.7,"48,624","4,555",
31131,3.5,"66,293","3,380",
31133,2.8,"47,006","7,074",
31135,1.8,"63,443","4,095",
31137,3.0,"61,420","15,912",
31139,3.3,"67,465","2,544",
31141,3.7,"62,804","2,858",
31143,3.0,"66,462","8,968",
31145,3.3,"50,260","7,317",
31147,3.2,"50,207","34,296",
31149,2.1,"53,905","5,214",
31151,3.6,"59,937","10,702",
31153,4.1,"84,016","7,871",
31155,3.7,"71,086","1,262",
31157,4.2,"50,263","14,292",
31159,4.1,"72,291","190,604",
31161,2.4,"46,159","22,278",
31163,3.2,"48,735","36,084",
31165,2.3,"47,983","17,609",
31167,3.4,"62,045","5,127",
31169,2.7,"52,439","2,959",
31171,4.0,"51,401","1,135",
31173,5.2,"48,891","5,842",
31175,2.8,"47,981","5,034",
31177,3.7,"75,197",669,
31179,2.8,"57,655","6,773",
31181,3.8,"49,518","4,059",
31183,1.8,"50,207","20,865",
31185,3.4,"59,749","9,697",
32000,12.8,"63,268","3,395",
32001,5.6,"56,335",774,
32003,14.7,"62,131","14,125",
32005,8.6,"76,296","3,104,614",
32007,5.7,"83,287","25,516",
32009,5.2,"50,675","2,265,461",
32011,3.5,"71,541","49,488",
32013,4.9,"73,106","53,702",
32015,4.8,"81,239",729,
32017,5.1,"58,782","1,855",
32019,8.5,"59,406","17,285",
32021,5.6,"43,771","5,734",
32023,9.7,"48,490","4,499",
32027,4.9,"58,562","59,235",
32029,8.3,"88,003","4,554",
32031,7.8,"71,733","51,591",
32033,4.2,"60,086","6,650",
32510,8.2,"58,126","4,104",
33000,6.7,"78,571","486,492",
33001,6.9,"68,752","9,080",
33003,7.7,"64,495","58,639",
33005,6.1,"65,326","1,377,529",
33007,7.9,"49,156","63,705",
33009,5.8,"62,468","50,107",
33011,7.0,"82,862","76,458",
33013,5.8,"75,800","31,268",
33015,7.1,"91,416","91,118",
33017,6.3,"71,486","422,937",
33019,5.4,"63,518","153,808",
34000,9.8,"85,786","314,176",
34001,17.8,"62,678","130,889",
34003,9.6,"107,971","43,063",
34005,8.2,"88,443","9,288,994",
34007,10.1,"73,168","274,534",
34009,13.8,"66,565","955,732",
34011,10.8,"54,179","461,860",
34013,11.7,"64,522","523,485",
34015,9.3,"87,996","95,263",
34017,10.6,"77,738","154,152",
34019,7.2,"117,275","863,728",
34021,7.4,"79,475","302,294",
34023,8.7,"92,770","724,854",
34025,8.8,"102,579","128,947",
34027,7.8,"116,328","387,340",
34029,9.5,"75,627","863,162",
34031,12.6,"76,039","643,615",
34033,9.5,"68,146","509,285",
34035,7.8,"112,722","637,229",
34037,9.4,"100,281","524,118",
34039,9.9,"79,953","64,837",
34041,8.5,"83,998","345,361",
35000,8.4,"52,021","144,221",
35001,8.1,"56,148","575,345",
35003,7.2,"37,190","109,632",
35005,8.1,"43,687","2,117,522",
35006,9.2,"40,436","676,444",
35007,7.1,"42,754","3,579",
35009,5.5,"45,623","65,157",
35011,4.9,"34,746","27,172",
35013,8.3,"43,618","12,387",
35015,6.9,"63,671","48,430",
35017,9.0,"43,175","1,698",
35019,6.7,"36,554","219,561",
35021,4.3,"38,162","62,314",
35023,5.8,"37,322","28,185",
35025,11.0,"63,012","4,452",
35027,8.8,"47,254",657,
35028,3.7,"122,001","4,178",
35029,15.9,"32,544","74,455",
35031,10.3,"36,404","20,269",
35033,8.0,"36,968","19,419",
35035,8.3,"43,135","25,427",
35037,7.4,"34,596","72,902",
35039,8.1,"44,579","4,189",
35041,6.2,"44,928","67,839",
35043,8.6,"71,118","8,746",
35045,10.0,"46,201","40,363",
35047,8.3,"36,986","19,191",
35049,8.3,"61,791","148,834",
35051,9.2,"33,661","121,661",
35053,7.1,"39,582","27,201",
35055,11.6,"43,032","154,823",
35057,9.5,"39,532","11,576",
35059,5.1,"38,221","16,595",
35061,8.2,"54,867","34,489",
36000,10.0,"72,038","15,045",
36001,7.2,"69,408","4,079",
36003,8.1,"49,411","76,205",
36005,16.0,"41,470","20,201,249",
36007,8.7,"52,179","314,848",
36009,9.4,"50,783","46,456",
36011,7.9,"58,055","1,472,654",
36013,8.9,"50,143","198,683",
36015,8.8,"58,400","77,042",
36017,6.9,"51,894","76,248",
36019,8.0,"59,069","127,657",
36021,6.2,"71,563","84,148",
36023,7.9,"55,143","47,220",
36025,7.2,"51,038","79,843",
36027,7.7,"84,564","61,570",
36029,9.5,"60,620","46,809",
36031,8.1,"55,091","44,308",
36033,8.2,"48,943","295,911",
36035,8.6,"50,061","954,236",
36037,7.4,"62,570","37,381",
36039,8.3,"54,746","47,555",
36041,7.9,"60,148","53,324",
36043,8.2,"55,778","58,388",
36045,8.7,"53,829","47,931",
36047,12.5,"66,501","5,107",
36049,7.7,"56,599","60,139",
36051,7.1,"60,268","116,721",
36053,7.8,"61,713","2,736,074",
36055,8.6,"62,159","26,582",
36057,8.8,"52,092","61,834",
36059,8.4,"117,767","68,016",
36061,9.5,"93,007","759,443",
36063,10.4,"56,371","49,532",
36065,8.1,"56,516","1,395,774",
36067,8.4,"61,597","1,694,251",
36069,7.3,"66,754","212,666",
36071,8.4,"83,188","232,125",
36073,8.4,"53,115","476,516",
36075,8.9,"57,640","112,458",
36077,7.2,"52,414","401,310",
36079,7.6,"105,600","40,343",
36081,12.5,"72,975","117,525",
36083,7.0,"70,688","58,524",
36085,10.6,"86,624","97,668",
36087,8.1,"99,831","2,405,464",
36089,8.2,"51,742","161,130",
36091,6.7,"89,071","495,747",
36093,8.1,"64,960","338,329",
36095,7.1,"58,927","108,505",
36097,8.6,"52,215","235,509",
36099,8.2,"51,064","158,061",
36101,8.2,"53,167","29,714",
36103,8.5,"105,241","17,898",
36105,8.8,"58,851","33,814",
36107,7.8,"60,699","93,584",
36109,6.2,"59,176","1,525,920",
36111,8.0,"64,090","78,624",
36113,8.4,"63,240","48,455",
36115,7.2,"56,897","105,740",
36117,7.4,"61,989","181,851",
36119,8.4,"101,741","65,737",
36121,7.5,"58,214","61,302",
36123,6.5,"60,612","91,283",
37000,7.3,"57,388","1,004,457",
37001,7.2,"57,963","40,531",
37003,7.4,"54,960","24,774",
37005,7.3,"41,420","10,439,388",
37007,7.7,"40,826","171,415",
37009,6.2,"41,542","36,444",
37011,6.3,"45,823","10,888",
37013,6.3,"49,410","22,055",
37015,6.4,"37,899","26,577",
37017,7.2,"42,260","17,806",
37019,8.8,"63,712","44,652",
37021,8.3,"55,448","17,934",
37023,7.2,"47,890","29,606",
37025,7.0,"72,071","136,693",
37027,7.9,"48,512","269,452",
37029,5.5,"69,610","87,570",
37031,6.2,"60,058","225,804",
37033,7.8,"51,240","80,652",
37035,8.0,"53,688","10,355",
37037,5.4,"70,258","67,686",
37039,7.9,"42,764","22,736",
37041,6.1,"47,126","160,610",
37043,7.4,"47,116","76,285",
37045,7.8,"46,012","28,774",
37047,8.2,"39,531","13,708",
37049,6.6,"53,372","11,089",
37051,9.5,"46,599","99,519",
37053,6.3,"70,699","50,623",
37055,9.8,"63,033","100,720",
37057,7.1,"53,924","334,728",
37059,6.8,"63,828","28,100",
37061,5.6,"44,929","36,915",
37063,6.5,"65,541","168,930",
37065,10.6,"40,784","42,712",
37067,7.4,"53,054","48,715",
37069,6.8,"57,371","324,833",
37071,8.0,"56,542","48,900",
37073,5.7,"54,204","382,590",
37075,9.9,"45,813","68,573",
37077,5.9,"54,300","227,943",
37079,5.6,"44,648","10,478",
37081,8.6,"55,820","8,030",
37083,9.2,"38,727","60,992",
37085,7.5,"55,619","20,451",
37087,7.5,"51,612","541,299",
37089,6.9,"61,651","48,622",
37091,7.0,"42,374","133,568",
37093,8.7,"48,420","62,089",
37095,10.2,"43,112","116,281",
37097,7.3,"68,308","21,552",
37099,7.6,"47,759","52,082",
37101,6.3,"62,835","4,589",
37103,5.8,"46,275","186,693",
37105,8.0,"53,114","43,109",
37107,6.2,"39,947","215,999",
37109,6.6,"70,479","9,172",
37111,7.0,"46,370","63,285",
37113,6.7,"46,279","55,122",
37115,6.9,"50,062","86,810",
37117,6.9,"39,413","44,578",
37119,7.8,"69,455","37,014",
37121,7.8,"47,675","21,193",
37123,6.7,"46,497","22,031",
37125,7.2,"63,942","1,115,482",
37127,8.4,"50,902","14,903",
37129,7.3,"57,252","25,751",
37131,7.3,"39,777","99,727",
37133,7.2,"50,645","94,970",
37135,5.4,"74,314","225,702",
37137,5.6,"52,522","17,471",
37139,7.3,"51,245","204,576",
37141,6.6,"60,405","148,696",
37143,6.7,"50,804","12,276",
37145,7.4,"54,553","40,568",
37147,6.8,"52,961","60,203",
37149,6.2,"53,405","13,005",
37151,7.4,"50,129","39,097",
37153,9.2,"40,518","170,243",
37155,8.8,"36,366","19,328",
37157,8.4,"44,686","144,171",
37159,7.9,"52,051","42,946",
37161,9.3,"44,547","116,530",
37163,5.8,"45,997","91,096",
37165,12.0,"39,197","146,875",
37167,6.3,"58,303","64,444",
37169,6.4,"52,356","59,036",
37171,6.9,"48,637","34,174",
37173,8.5,"46,075","62,504",
37175,6.1,"55,628","44,520",
37177,8.9,"37,680","71,359",
37179,6.0,"86,138","14,117",
37181,10.1,"40,450","32,986",
37183,6.4,"84,377","3,245",
37185,9.8,"37,027","238,267",
37187,8.2,"40,157","42,578",
37189,6.2,"51,630","1,129,410",
37191,6.5,"45,634","18,642",
37193,6.8,"45,250","11,003",
37195,8.9,"42,414","54,086",
37197,7.1,"50,929","117,333",
37199,6.6,"47,664","65,969",
38000,5.1,"67,402","78,784",
38001,3.8,"55,880","37,214",
38003,3.9,"60,689","18,470",
38005,6.8,"45,709","779,094",
38007,3.7,"69,528","2,200",
38009,5.4,"62,904","10,853",
38011,3.4,"65,411","5,964",
38013,5.3,"67,545",945,
38015,4.4,"73,565","6,379",
38017,4.4,"63,977","2,993",
38019,3.5,"63,484","2,201",
38021,3.3,"57,490","98,458",
38023,3.2,"61,506","184,525",
38025,4.6,"75,723","3,704",
38027,4.7,"54,465","4,999",
38029,5.0,"53,073","2,195",
38031,3.5,"54,917","4,095",
38033,3.2,"58,370","2,347",
38035,4.6,"57,388","3,301",
38037,2.8,"41,841","3,397",
38039,3.1,"56,527","1,736",
38041,4.0,"54,600","73,170",
38043,5.1,"50,570","2,301",
38045,2.6,"56,059","2,306",
38047,3.2,"51,496","2,489",
38049,5.5,"59,661","2,394",
38051,3.3,"47,349","4,093",
38053,7.6,"86,890","1,876",
38055,4.5,"67,453","5,345",
38057,5.8,"83,341","2,530",
38059,5.1,"68,051","14,704",
38061,5.1,"69,040","9,771",
38063,4.5,"56,098","8,350",
38065,5.2,"72,919","33,291",
38067,5.8,"59,970","9,809",
38069,4.3,"56,753","3,015",
38071,4.5,"60,710","1,877",
38073,4.1,"66,422","6,844",
38075,4.9,"84,986","3,990",
38077,3.9,"62,837","11,605",
38079,13.4,"45,296","5,703",
38081,4.4,"67,551","2,282",
38083,6.0,"58,725","16,529",
38085,3.9,"37,133","12,187",
38087,3.1,"52,695","3,862",
38089,7.1,"68,759","1,265",
38091,3.0,"67,661","3,898",
38093,3.5,"60,297",706,
38095,2.8,"53,024","33,646",
38097,3.6,"69,443","1,798",
38099,4.5,"59,153","21,593",
38101,6.0,"68,634","2,162",
38103,4.4,"56,167","7,997",
38105,9.6,"84,606","10,563",
39000,8.1,"58,704","69,919",
39001,9.2,"43,145","3,982",
39003,8.5,"58,271","40,950",
39005,6.5,"52,554","11,799,448",
39007,8.3,"47,388","27,477",
39009,7.3,"43,621","102,206",
39011,6.9,"64,227","52,447",
39013,10.1,"50,166","97,574",
39015,8.2,"58,441","62,431",
39017,7.2,"68,611","46,422",
39019,8.8,"56,999","66,497",
39021,7.1,"62,077","43,676",
39023,8.1,"50,832","390,357",
39025,6.9,"68,724","26,721",
39027,8.3,"52,870","38,714",
39029,9.4,"52,693","136,001",
39031,8.9,"49,679","208,601",
39033,9.4,"49,484","42,018",
39035,10.4,"52,503","101,877",
39037,6.7,"56,824","36,612",
39039,8.2,"60,918","42,025",
39041,5.3,"110,252","1,264,817",
39043,10.5,"60,790","51,881",
39045,6.6,"71,782","38,286",
39047,7.4,"51,023","214,124",
39049,7.4,"64,648","75,622",
39051,7.9,"64,334","158,921",
39053,8.0,"48,094","28,951",
39055,6.7,"79,865","1,323,807",
39057,6.4,"69,709","42,713",
39059,8.7,"48,283","29,220",
39061,7.8,"60,251","95,397",
39063,6.8,"62,720","167,966",
39065,8.1,"51,155","38,438",
39067,9.2,"50,137","830,639",
39069,8.1,"61,351","74,920",
39071,8.7,"47,126","30,696",
39073,7.4,"51,016","14,483",
39075,3.9,"62,596","27,662",
39077,9.5,"56,704","43,317",
39079,8.7,"50,671","28,050",
39081,10.1,"47,652","44,223",
39083,6.2,"59,957","58,565",
39085,8.4,"65,040","32,653",
39087,8.5,"46,433","65,249",
39089,6.5,"66,321","62,721",
39091,8.3,"60,624","232,603",
39093,9.9,"59,201","58,240",
39095,10.4,"49,924","178,519",
39097,5.9,"65,696","46,150",
39099,10.2,"48,018","312,964",
39101,7.6,"51,479","431,279",
39103,7.6,"78,540","43,824",
39105,9.6,"43,754","228,614",
39107,5.4,"67,075","65,359",
39109,7.0,"63,524","182,470",
39111,10.6,"48,231","22,210",
39113,8.6,"54,704","42,528",
39115,9.3,"46,883","108,774",
39117,7.1,"59,498","13,385",
39119,7.8,"52,105","537,309",
39121,9.6,"50,788","13,802",
39123,9.1,"63,352","34,950",
39125,7.5,"58,100","86,410",
39127,8.4,"51,875","14,115",
39129,6.8,"63,931","40,364",
39131,9.4,"46,255","18,806",
39133,7.3,"57,439","35,408",
39135,6.7,"62,128","58,539",
39137,5.6,"73,454","27,088",
39139,9.0,"51,883","161,791",
39141,8.0,"54,728","40,999",
39143,8.1,"58,415","34,451",
39145,8.7,"45,410","124,936",
39147,8.1,"55,664","77,093",
39149,7.7,"64,304","58,896",
39151,8.1,"55,623","74,008",
39153,8.2,"57,753","55,069",
39155,10.4,"47,966","48,230",
39157,7.6,"54,150","374,853",
39159,5.8,"91,597","540,428",
39161,7.0,"55,361","201,977",
39163,9.1,"46,301","93,263",
39165,6.4,"91,645","62,784",
39167,8.6,"52,565","28,931",
39169,5.9,"58,747","12,800",
39171,7.8,"54,239","242,337",
39173,7.1,"64,723","59,771",
39175,7.0,"61,733","116,894",
40000,6.1,"54,447","37,102",
40001,5.8,"39,589","132,248",
40003,3.6,"57,497","21,900",
40005,7.0,"41,872","3,959,353",
40007,2.7,"55,397","19,495",
40009,7.5,"50,512","5,699",
40011,5.9,"50,574","14,143",
40013,5.1,"44,074","5,049",
40015,5.9,"45,755","22,410",
40017,6.0,"75,111","8,735",
40019,7.0,"51,895","46,067",
40021,5.4,"45,544","26,945",
40023,7.6,"37,131","154,405",
40025,2.0,"47,602","48,003",
40027,5.6,"64,706","47,078",
40029,6.6,"41,273","14,204",
40031,6.7,"51,184","2,296",
40033,7.0,"46,450","295,528",
40035,5.4,"42,978","5,266",
40037,6.5,"54,737","121,125",
40039,5.4,"51,803","5,527",
40041,5.3,"44,602","14,107",
40043,4.8,"56,316","71,754",
40045,4.5,"54,013","28,513",
40047,5.5,"58,381","40,397",
40049,6.2,"46,786","4,484",
40051,6.1,"63,647","3,749",
40053,3.3,"60,303","62,846",
40055,7.4,"38,641","25,656",
40057,3.5,"37,988","54,795",
40059,3.3,"40,265","4,169",
40061,7.8,"41,643","5,491",
40063,7.5,"37,631","2,488",
40065,4.1,"48,430","3,272",
40067,6.7,"39,785","11,561",
40069,7.7,"41,805","13,367",
40071,6.7,"48,522","24,785",
40073,4.3,"68,839","5,337",
40075,5.0,"39,788","10,272",
40077,10.0,"42,014","43,700",
40079,7.0,"42,378","15,184",
40081,5.6,"51,012","8,509",
40083,5.1,"66,625","9,444",
40085,4.2,"51,481","48,129",
40087,5.5,"75,009","33,458",
40089,6.6,"40,803","49,555",
40091,8.4,"40,614","10,146",
40093,4.7,"59,690","41,662",
40095,6.4,"45,005","30,814",
40097,5.0,"49,293","18,941",
40099,6.2,"50,965","7,782",
40101,6.0,"43,392","15,312",
40103,4.1,"56,307","39,046",
40105,5.2,"47,456","13,904",
40107,6.6,"39,265","66,339",
40109,6.4,"56,272","10,924",
40111,7.2,"41,725","9,320",
40113,6.4,"50,667","11,310",
40115,5.7,"41,530","796,292",
40117,6.5,"47,646","36,706",
40119,5.3,"43,025","45,818",
40121,7.6,"47,215","30,285",
40123,5.2,"49,510","15,553",
40125,6.1,"52,747","81,646",
40127,6.7,"37,718","43,773",
40129,4.8,"59,286","38,065",
40131,5.8,"67,054","72,454",
40133,7.4,"40,725","10,812",
40135,6.8,"43,038","3,442",
40137,7.7,"47,826","95,240",
40139,2.3,"56,014","23,556",
40141,6.3,"41,251","39,281",
40143,6.6,"57,668","42,848",
40145,5.8,"65,191","21,384",
40147,5.9,"62,515","6,968",
40149,6.7,"50,823","669,279",
40151,3.4,"40,684","80,981",
40153,6.7,"73,253","52,455",
41000,7.6,"66,955","10,924",
41001,7.2,"48,530","8,624",
41003,5.6,"69,148","20,470",
41005,7.2,"80,539","4,237,256",
41007,9.6,"59,339","16,668",
41009,7.9,"72,285","95,184",
41011,8.6,"49,504","421,401",
41013,8.8,"58,739","41,072",
41015,8.7,"51,267","52,589",
41017,7.9,"71,880","64,929",
41019,7.7,"48,940","24,738",
41021,6.1,"61,205","23,446",
41023,8.3,"49,792","198,253",
41025,5.9,"39,874","111,201",
41027,6.3,"68,835","1,995",
41029,7.8,"56,367","7,233",
41031,8.2,"52,543","7,495",
41033,7.9,"47,533","23,977",
41035,8.7,"53,030","223,259",
41037,5.6,"47,867","24,502",
41039,7.9,"57,212","88,090",
41041,10.9,"52,276","69,413",
41043,7.8,"61,084","8,160",
41045,5.2,"42,019","382,971",
41047,6.9,"64,058","50,395",
41049,5.2,"59,781","128,610",
41051,8.6,"72,469","31,571",
41053,6.6,"69,757","345,920",
41055,6.1,"60,035","12,186",
41057,8.1,"52,298","815,428",
41059,6.8,"58,286","87,433",
41061,7.8,"54,264","1,870",
41063,7.1,"52,106","27,390",
41065,7.1,"56,993","80,075",
41067,6.5,"85,665","26,196",
41069,4.3,"42,747","7,391",
41071,6.8,"71,815","26,670",
42000,9.1,"63,455","600,372",
42001,6.9,"67,706","1,451",
42003,9.0,"64,799","107,722",
42005,9.8,"56,259","13,002,700",
42007,10.3,"60,323","103,852",
42009,9.1,"54,251","1,250,578",
42011,9.5,"67,418","65,558",
42013,8.7,"51,004","168,215",
42015,7.5,"51,356","47,577",
42017,8.3,"93,587","428,849",
42019,7.9,"72,576","122,822",
42021,9.5,"48,798","59,967",
42023,12.6,"43,704","646,538",
42025,9.8,"59,985","193,763",
42027,5.8,"61,036","133,472",
42029,6.4,"102,233","4,547",
42031,8.2,"49,173","64,749",
42033,9.2,"46,967","158,172",
42035,8.7,"50,777","534,413",
42037,8.1,"54,377","37,241",
42039,8.9,"49,741","80,562",
42041,6.7,"75,269","37,450",
42043,8.8,"60,763","64,727",
42045,9.1,"76,783","83,938",
42047,12.3,"55,462","259,469",
42049,9.8,"51,923","286,401",
42051,11.7,"48,055","576,830",
42053,10.6,"41,267","30,990",
42055,7.6,"62,699","270,876",
42057,11.5,"56,357","128,804",
42059,9.7,"56,599","6,973",
42061,10.4,"54,323","155,932",
42063,9.1,"51,299","14,556",
42065,8.8,"50,789","35,954",
42067,7.2,"57,837","44,092",
42069,9.6,"53,655","83,246",
42071,7.5,"67,515","44,492",
42073,10.3,"50,979","23,509",
42075,7.9,"61,560","215,896",
42077,9.6,"65,436","552,984",
42079,10.9,"53,439","86,070",
42081,8.8,"53,762","143,257",
42083,9.9,"53,266","374,557",
42085,9.7,"54,099","325,594",
42087,8.4,"50,571","114,188",
42089,11.5,"63,012","40,432",
42091,7.6,"92,340","110,652",
42093,6.1,"65,534","46,143",
42095,9.0,"73,780","168,327",
42097,9.4,"47,967","856,553",
42099,6.8,"65,401","18,136",
42101,12.4,"47,598","312,951",
42103,10.6,"66,595","91,647",
42105,9.3,"49,054","45,842",
42107,9.2,"55,951","1,603,797",
42109,7.6,"56,873","58,535",
42111,9.5,"49,082","16,396",
42113,8.5,"51,718","143,049",
42115,7.3,"60,235","39,736",
42117,9.0,"51,324","74,129",
42119,6.8,"61,306","5,840",
42121,8.9,"53,619","38,434",
42123,8.1,"52,592","41,045",
42125,9.4,"65,558","42,681",
42127,9.2,"56,265","50,454",
42129,9.1,"59,407","38,587",
42131,8.4,"60,419","209,349",
42133,8.0,"69,101","51,155",
44000,9.4,"70,383","354,663",
44001,7.6,"87,926","26,069",
44003,8.7,"74,230","456,438",
44005,8.2,"80,862","1,097,379",
44007,10.2,"62,165","50,793",
44009,7.8,"86,450","170,363",
45000,6.2,"56,360","85,643",
45001,6.6,"46,499","660,741",
45003,5.0,"56,824","129,839",
45005,9.4,"32,147","5,118,425",
45007,5.9,"54,496","24,295",
45009,9.0,"35,364","168,808",
45011,7.4,"36,675","8,039",
45013,5.4,"73,890","203,718",
45015,5.6,"68,690","13,311",
45017,6.1,"47,090","20,589",
45019,6.3,"70,980","187,117",
45021,8.1,"46,905","229,861",
45023,8.9,"45,400","14,119",
45025,6.1,"42,441","408,235",
45027,6.8,"39,900","56,216",
45029,6.1,"40,808","32,294",
45031,6.5,"44,007","43,273",
45033,6.1,"35,483","31,144",
45035,5.8,"68,051","38,604",
45037,5.1,"52,591","62,905",
45039,7.9,"42,496","28,292",
45041,5.6,"49,770","161,540",
45043,7.5,"53,747","25,657",
45045,5.7,"64,399","20,948",
45047,6.4,"43,958","137,059",
45049,5.0,"37,560","63,404",
45051,8.6,"53,648","525,534",
45053,5.1,"50,790","69,351",
45055,5.3,"56,318","18,561",
45057,6.9,"63,842","351,029",
45059,6.9,"47,038","28,791",
45061,7.6,"37,710","65,403",
45063,4.4,"62,059","96,016",
45065,6.7,"48,645","67,539",
45067,7.8,"35,138","16,531",
45069,9.8,"34,532","293,991",
45071,4.8,"50,773","9,526",
45073,5.4,"52,240","29,183",
45075,9.0,"38,736","26,667",
45077,5.3,"52,949","37,719",
45079,5.8,"52,905","78,607",
45081,4.3,"49,493","84,223",
45083,6.6,"55,588","131,404",
45085,6.8,"49,611","416,147",
45087,9.0,"42,851","18,862",
45089,8.1,"34,409","327,997",
45091,6.1,"68,468","105,556",
46000,4.6,"60,414","27,244",
46003,3.2,"56,360","31,026",
46005,3.9,"51,844","282,090",
46007,5.0,"36,345","886,667",
46009,4.1,"52,660","2,747",
46011,4.4,"59,036","19,149",
46013,4.4,"61,447","3,381",
46015,4.4,"65,008","7,003",
46017,8.0,"26,671","34,375",
46019,5.4,"50,105","38,301",
46021,3.7,"56,043","5,247",
46023,6.3,"51,340","1,948",
46025,3.9,"54,158","10,243",
46027,4.5,"51,039","1,377",
46029,4.9,"63,442","9,373",
46031,5.0,"32,848","3,837",
46033,6.0,"63,665","14,967",
46035,4.2,"57,367","28,325",
46037,5.7,"51,516","3,902",
46039,5.4,"65,217","8,318",
46041,7.7,"47,640","19,956",
46043,3.0,"56,030","5,449",
46045,2.9,"59,905","4,295",
46047,6.0,"49,965","5,239",
46049,3.5,"49,198","2,835",
46051,4.0,"60,057","3,986",
46053,3.8,"42,868","6,973",
46055,2.5,"50,747","2,125",
46057,3.5,"60,864","7,556",
46059,2.7,"56,239","3,994",
46061,5.2,"78,478","1,872",
46063,3.6,"55,482","6,164",
46065,3.4,"66,952","3,145",
46067,3.8,"59,336","3,461",
46069,3.1,"63,454","1,311",
46071,4.3,"37,879","17,765",
46073,2.5,"52,162","7,427",
46075,3.7,"52,650","1,262",
46077,3.7,"61,992","2,806",
46079,3.8,"63,946","1,663",
46081,6.2,"53,902",917,
46083,3.6,"86,235","5,187",
46085,5.7,"47,813","11,059",
46087,3.7,"62,535","25,768",
46089,5.1,"43,243","65,161",
46091,4.8,"59,103","3,718",
46093,4.9,"59,981","5,682",
46095,6.2,"36,489","2,411",
46097,4.8,"52,230","4,306",
46099,4.5,"63,162","29,852",
46101,5.3,"61,029","1,918",
46102,10.1,"34,078","2,298",
46103,5.3,"58,919","197,214",
46105,3.8,"49,999","6,336",
46107,3.2,"58,012","13,672",
46109,6.4,"49,088","109,222",
46111,4.1,"56,507","2,835",
46115,4.1,"54,666","2,472",
46117,3.9,"70,472","10,280",
46119,2.8,"61,791","2,330",
46121,6.4,"34,015","6,361",
46123,3.1,"50,503","2,980",
46125,3.9,"63,852","1,446",
46127,5.1,"83,910","9,319",
46129,6.1,"51,472","5,624",
46135,4.6,"60,868","8,673",
46137,4.8,"33,508","16,811",
47000,7.5,"56,047","5,315",
47001,6.7,"50,973","23,310",
47003,7.9,"50,539","2,413",
47005,8.2,"42,322","6,910,840",
47007,8.6,"42,730","77,123",
47009,6.4,"59,368","50,237",
47011,6.6,"52,534","15,864",
47013,7.6,"42,500","14,913",
47015,6.5,"52,960","135,280",
47017,7.4,"43,258","108,620",
47019,7.0,"39,964","39,272",
47021,5.6,"62,786","14,506",
47023,5.7,"50,769","28,440",
47025,7.0,"40,116","56,356",
47027,8.1,"36,694","41,072",
47029,10.2,"40,528","17,341",
47031,7.8,"54,931","32,043",
47033,5.9,"45,642","7,581",
47035,7.7,"49,142","35,999",
47037,8.0,"63,846","57,889",
47039,8.6,"45,215","13,911",
47041,9.1,"46,407","61,145",
47043,5.9,"59,126","715,884",
47045,8.0,"48,770","11,435",
47047,6.4,"67,345","20,080",
47049,6.5,"38,608","54,315",
47051,7.9,"54,319","36,801",
47053,7.0,"46,384","41,990",
47055,8.4,"50,847","18,489",
47057,7.2,"44,929","42,774",
47059,8.3,"44,975","50,429",
47061,9.8,"38,447","30,346",
47063,7.1,"46,842","23,527",
47065,7.1,"57,802","70,152",
47067,8.4,"31,938","13,529",
47069,8.2,"40,989","64,499",
47071,7.1,"44,510","366,207",
47073,7.7,"46,602","6,662",
47075,8.9,"38,950","25,462",
47077,8.0,"46,826","26,831",
47079,7.5,"43,159","56,721",
47081,5.8,"46,176","17,864",
47083,8.2,"40,915","27,842",
47085,6.4,"52,121","32,199",
47087,8.0,"41,749","24,925",
47089,7.5,"50,332","8,283",
47091,6.5,"40,219","18,990",
47093,5.9,"60,316","11,617",
47095,8.8,"34,059","54,683",
47097,9.2,"43,545","17,948",
47099,7.8,"43,448","478,971",
47101,7.5,"45,874","7,005",
47103,8.6,"54,558","25,143",
47105,6.4,"65,226","44,159",
47107,7.8,"49,836","12,582",
47109,8.7,"45,469","35,319",
47111,6.5,"44,334","54,886",
47113,7.5,"50,401","53,276",
47115,7.6,"47,675","25,866",
47117,9.1,"58,151","25,216",
47119,8.1,"66,434","98,823",
47121,8.6,"48,334","28,837",
47123,8.0,"50,506","34,318",
47125,7.6,"57,606","100,974",
47127,5.4,"61,804","12,758",
47129,6.5,"43,952","46,250",
47131,7.0,"44,061","220,069",
47133,6.3,"43,636","6,461",
47135,9.5,"42,939","21,035",
47137,6.1,"41,860","30,787",
47139,6.9,"45,922","22,511",
47141,6.6,"49,083","8,366",
47143,9.8,"47,599","5,001",
47145,6.6,"50,561","17,544",
47147,6.1,"65,790","79,854",
47149,6.9,"69,614","32,870",
47151,8.6,"38,750","53,404",
47153,7.8,"46,876","72,803",
47155,9.6,"54,476","341,486",
47157,9.7,"52,659","21,850",
47159,6.0,"54,570","15,826",
47161,6.6,"52,177","98,380",
47163,7.2,"51,303","929,744",
47165,6.5,"69,391","19,904",
47167,6.9,"61,436","13,657",
47169,6.1,"51,982","158,163",
47171,8.3,"44,548","196,281",
47173,6.9,"48,106","60,970",
47175,8.7,"44,451","11,615",
47177,8.9,"46,144","17,928",
47179,6.4,"51,879","19,802",
47181,7.1,"45,091","6,168",
47183,5.8,"42,506","40,953",
47185,7.1,"43,583","133,001",
47187,4.8,"119,637","16,232",
47189,6.3,"80,080","32,902",
48000,7.6,"64,044","27,351",
48001,5.6,"48,461","247,726",
48003,8.2,"74,918","147,737",
48005,7.6,"51,750","29,145,505",
48007,8.5,"53,085","57,922",
48009,5.3,"63,731","18,610",
48011,4.3,"64,424","86,395",
48013,8.4,"57,309","23,830",
48015,6.6,"68,311","8,560",
48017,4.8,"46,174","1,848",
48019,5.8,"59,604","48,981",
48021,6.0,"62,627","30,167",
48023,3.5,"41,539","6,904",
48025,9.8,"44,171","20,851",
48027,7.0,"54,831","97,216",
48029,7.5,"58,956","3,465",
48031,3.8,"68,404","31,047",
48033,3.3,"71,926","370,647",
48035,5.5,"55,179","2,009,324",
48037,7.4,"51,207","11,374",
48039,8.6,"83,704",631,
48041,5.3,"54,471","18,235",
48043,6.7,"48,581","92,893",
48045,4.8,"44,259","372,031",
48047,10.7,"31,410","233,849",
48049,6.5,"56,040","9,546",
48051,6.3,"61,745","1,435",
48053,4.7,"62,827","7,076",
48055,6.3,"55,301","38,095",
48057,5.8,"55,909","17,642",
48059,5.4,"50,812","49,130",
48061,10.2,"40,893","45,883",
48063,7.4,"47,091","20,106",
48065,4.2,"69,760","13,708",
48067,7.9,"44,529","421,017",
48069,3.6,"51,736","12,464",
48071,9.5,"93,351","5,807",
48073,7.9,"46,576","28,454",
48075,3.7,"44,095","7,371",
48077,5.5,"59,983","46,571",
48079,7.1,"43,742","50,412",
48081,5.5,"48,435","6,664",
48083,7.4,"44,834","10,218",
48085,6.3,"96,847","2,547",
48087,4.3,"40,314","3,285",
48089,5.6,"55,607","7,684",
48091,6.2,"87,976","1,064,465",
48093,5.5,"54,122","2,652",
48095,4.5,"43,321","20,557",
48097,7.1,"61,186","161,501",
48099,6.6,"53,083","13,594",
48101,4.9,"40,449","3,303",
48103,13.6,"68,626","41,668",
48105,8.9,"54,165","83,093",
48107,5.2,"38,871","1,380",
48109,6.5,"44,462","4,675",
48111,2.8,"55,793","3,098",
48113,7.7,"61,807","5,133",
48115,8.7,"48,165","2,188",
48117,3.6,"46,178","7,115",
48119,5.5,"51,348","2,613,539",
48121,6.5,"90,910","12,456",
48123,6.0,"52,544","18,583",
48125,6.3,"41,973","5,230",
48127,6.4,"40,315","906,422",
48129,4.4,"41,093","19,824",
48131,12.1,"37,100","1,770",
48133,6.7,"46,991","8,615",
48135,11.0,"65,564","3,258",
48137,3.5,"40,424","9,831",
48139,6.0,"78,341","17,725",
48141,8.3,"48,629","165,171",
48143,5.7,"53,044","1,422",
48145,6.0,"41,484","192,455",
48147,4.7,"56,123","865,657",
48149,4.7,"62,195","42,545",
48151,4.5,"51,053","16,968",
48153,6.2,"45,022","35,662",
48155,4.2,"38,615","24,435",
48157,7.7,"101,361","3,672",
48159,5.3,"50,630","5,402",
48161,8.3,"52,511","1,095",
48163,5.7,"40,360","822,779",
48165,5.6,"67,171","10,359",
48167,8.7,"73,214","19,435",
48169,6.8,"48,975","18,385",
48171,4.8,"62,143","21,598",
48173,3.6,"93,759","350,682",
48175,7.7,"56,758","5,816",
48177,5.4,"48,425","26,725",
48179,8.1,"52,543","1,116",
48181,5.9,"57,439","7,012",
48183,8.3,"53,137","19,653",
48185,8.0,"51,651","21,227",
48187,6.1,"78,801","135,543",
48189,6.8,"49,187","124,239",
48191,5.8,"35,940","29,268",
48193,4.5,"52,505","172,706",
48195,3.5,"58,703","32,522",
48197,4.4,"40,057","2,825",
48199,9.0,"62,616","8,222",
48201,8.9,"61,638","5,285",
48203,7.9,"55,171","3,549",
48205,2.1,"72,796","56,231",
48207,4.3,"38,613","4,731,145",
48209,6.3,"72,890","68,839",
48211,4.4,"71,299","5,382",
48213,6.4,"49,896","5,416",
48215,11.6,"41,656","241,067",
48217,6.3,"53,210","3,382",
48219,7.9,"51,149","82,150",
48221,6.6,"74,534","870,781",
48223,5.1,"50,332","35,874",
48225,5.3,"43,601","21,537",
48227,8.1,"61,112","61,598",
48229,8.0,"39,309","36,787",
48231,6.5,"57,513","22,066",
48233,7.2,"57,936","34,860",
48235,6.0,"68,630","3,202",
48237,7.0,"55,358","99,956",
48239,5.8,"55,800","20,617",
48241,11.2,"47,252","1,513",
48243,5.1,"53,362","8,472",
48245,11.9,"55,173","14,988",
48247,9.5,"38,788","32,980",
48249,13.0,"44,444","1,996",
48251,6.5,"66,538","256,526",
48253,7.0,"51,094","4,838",
48255,6.3,"54,843","38,891",
48257,6.5,"75,009","179,927",
48259,5.0,"94,899","19,663",
48261,5.4,"46,132","14,710",
48263,3.9,"52,591","145,310",
48265,5.9,"57,789","44,279",
48267,5.1,"44,757",350,
48269,1.7,"71,256",753,
48271,6.0,"47,076","52,598",
48273,8.4,"47,169","4,286",
48275,5.6,"40,808",265,
48277,6.5,"47,061","3,129",
48279,5.2,"42,719","31,040",
48281,5.4,"58,817","3,353",
48283,6.8,"41,683","50,088",
48285,5.2,"52,632","13,045",
48287,4.9,"59,250","21,627",
48289,7.8,"50,522","6,664",
48291,10.6,"53,274","20,337",
48293,7.1,"43,644","17,478",
48295,4.2,"65,388","15,719",
48297,7.5,"54,163","91,628",
48299,5.7,"55,617","22,146",
48301,1.7,"88,487","3,059",
48303,5.7,"54,733","11,335",
48305,5.4,"45,737","21,243",
48307,7.5,"43,262",64,
48309,6.2,"51,078","310,639",
48311,2.8,"68,349","5,596",
48313,7.2,"46,274","7,630",
48315,8.2,"37,876","260,579",
48317,6.1,"68,745",600,
48319,5.6,"54,914","13,455",
48321,10.5,"49,276","9,725",
48323,15.0,"40,017","5,237",
48325,6.3,"60,695","3,953",
48327,5.2,"38,425","36,255",
48329,8.1,"85,811","57,887",
48331,7.1,"48,989","50,748",
48333,4.1,"46,876","1,962",
48335,7.9,"44,457","169,983",
48337,6.6,"53,649","24,754",
48339,7.5,"88,833","4,456",
48341,3.8,"55,099","8,990",
48343,11.4,"43,304","19,965",
48345,4.6,"40,217","620,443",
48347,6.6,"46,207","21,358",
48349,6.2,"48,649","11,973",
48351,11.0,"45,890","1,063",
48353,5.3,"46,389","64,653",
48355,9.0,"56,079","52,624",
48357,5.8,"62,567","12,217",
48359,3.9,"59,404","14,738",
48361,10.5,"62,976","353,178",
48363,7.0,"50,159","10,015",
48365,8.4,"56,882","1,758",
48367,5.9,"82,501","84,808",
48369,2.6,"50,607","28,409",
48371,8.1,"52,763","22,491",
48373,8.7,"50,416","148,222",
48375,5.5,"41,138","9,869",
48377,14.7,"33,499","15,193",
48379,4.7,"65,657","50,123",
48381,4.5,"70,694","118,525",
48383,9.7,"67,384","6,131",
48385,6.7,"40,834","12,164",
48387,6.4,"41,325","140,753",
48389,7.1,"48,990","3,385",
48391,8.2,"46,883","2,758",
48393,4.6,"70,705","11,587",
48395,6.4,"47,016","14,748",
48397,6.0,"105,763","6,741",
48399,4.9,"48,650",827,
48401,7.3,"56,036","16,757",
48403,10.8,"43,778","107,819",
48405,9.6,"40,094","9,900",
48407,8.1,"42,633","52,214",
48409,10.3,"57,302","9,894",
48411,5.2,"46,061","7,918",
48413,6.9,"53,286","27,402",
48415,8.2,"56,299","68,755",
48417,5.3,"65,095","5,730",
48419,6.8,"39,708","2,451",
48421,3.1,"55,473","16,932",
48423,6.8,"59,538","3,105",
48425,6.5,"67,897","24,022",
48427,17.3,"32,516","2,782",
48429,6.1,"46,658","233,479",
48431,6.4,"66,790","9,205",
48433,5.0,"48,267","65,920",
48435,9.8,"63,427","9,101",
48437,5.2,"44,388","1,372",
48439,7.3,"70,130","1,245",
48441,5.5,"54,465","3,372",
48443,4.6,"45,677","6,971",
48445,7.3,"42,953","2,110,640",
48447,4.9,"42,746","143,208",
48449,6.7,"49,924",760,
48451,6.3,"54,774","11,831",
48453,6.3,"80,690","1,440",
48455,8.1,"43,788","31,247",
48457,9.9,"48,254","120,003",
48459,7.7,"53,078","1,290,188",
48461,5.6,"58,908","13,602",
48463,6.4,"44,690","19,798",
48465,7.9,"45,034","40,892",
48467,6.1,"55,554","3,308",
48469,8.3,"57,344","24,564",
48471,7.2,"47,519","47,586",
48473,7.8,"61,822","59,541",
48475,9.4,"61,396","91,319",
48477,5.6,"59,039","76,400",
48479,8.5,"52,576","56,794",
48481,6.8,"49,901","11,644",
48483,6.0,"58,544","35,805",
48485,6.7,"51,535","267,114",
48487,5.9,"42,570","41,570",
48489,12.0,"35,821","4,990",
48491,5.9,"92,661","129,350",
48493,5.7,"76,905","12,887",
48495,9.3,"64,894","20,164",
48497,6.5,"70,468","609,017",
48499,6.6,"56,945","49,753",
48501,11.9,"62,636","7,791",
48503,5.3,"52,643","68,632",
48505,12.4,"36,069","44,843",
48507,14.1,"32,538","7,694",
49000,4.7,"75,705","17,867",
49001,4.0,"58,309","13,889",
49003,4.4,"69,380","9,670",
49005,2.9,"63,180","3,271,616",
49007,5.2,"52,110","7,072",
49009,4.5,"63,433","57,666",
49011,4.1,"87,610","133,154",
49013,7.7,"59,437","20,412",
49015,4.7,"61,893",935,
49017,10.2,"54,625","362,679",
49019,9.5,"53,535","19,596",
49021,4.5,"58,307","9,825",
49023,2.9,"66,056","5,083",
49025,5.4,"55,887","9,669",
49027,3.2,"59,069","57,289",
49029,3.3,"101,943","11,786",
49031,6.3,"42,196","7,667",
49033,3.4,"64,583","12,975",
49035,5.1,"79,941","12,295",
49037,10.2,"49,438","1,438",
49039,3.7,"54,648","2,510",
49041,4.2,"58,983","1,185,238",
49043,7.2,"112,482","14,518",
49045,4.8,"80,196","28,437",
49047,9.2,"62,541","21,522",
49049,3.7,"79,505","42,357",
49051,6.4,"92,136","72,698",
49053,5.3,"64,388","35,620",
49055,7.6,"50,555","659,399",
49057,4.8,"71,835","34,788",
50000,5.6,"63,293","180,279",
50001,5.0,"73,574","2,486",
50003,6.6,"56,948","262,223",
50005,5.8,"50,942","643,077",
50007,4.8,"76,483","37,363",
50009,6.5,"45,796","37,347",
50011,5.3,"65,056","30,233",
50013,5.9,"68,364","168,323",
50015,7.8,"60,555","5,920",
50017,4.8,"59,758","49,946",
50019,7.9,"48,826","7,293",
50021,6.9,"51,903","25,945",
50023,4.8,"65,879","29,277",
50025,6.3,"52,068","27,393",
50027,5.3,"61,843","60,572",
51000,6.2,"76,471","59,807",
51001,6.5,"47,335","45,905",
51003,5.4,"86,332","57,753",
51005,6.5,"53,341","8,631,393",
51007,5.8,"60,096","33,413",
51009,5.6,"56,218","112,395",
51011,5.8,"54,609","15,223",
51013,4.5,"118,986","13,265",
51015,4.6,"63,621","31,307",
51017,9.9,"54,385","16,119",
51019,5.1,"66,591","238,643",
51021,5.6,"49,023","77,487",
51023,4.5,"74,178","4,209",
51025,8.0,"43,835","79,462",
51027,9.5,"36,881","6,270",
51029,7.4,"47,202","33,596",
51031,5.9,"48,984","15,849",
51033,6.7,"64,647","20,355",
51035,8.2,"45,698","16,824",
51036,6.5,"56,465","55,696",
51037,5.6,"43,001","30,887",
51041,5.9,"81,641","29,155",
51043,4.5,"85,567","6,773",
51045,5.1,"53,319","11,529",
51047,5.0,"79,739","364,548",
51049,6.1,"52,005","14,783",
51051,8.0,"37,161","4,892",
51053,6.4,"58,474","52,552",
51057,7.0,"53,538","9,675",
51059,5.8,"127,898","14,124",
51061,4.7,"103,827","27,947",
51063,5.1,"52,277","10,599",
51065,5.3,"75,089","1,150,309",
51067,5.5,"61,878","72,972",
51069,4.6,"83,672","15,476",
51071,6.3,"53,111","27,249",
51073,5.4,"71,715","54,477",
51075,4.9,"100,444","91,419",
51077,5.7,"41,312","16,787",
51079,5.2,"73,345","38,711",
51081,6.8,"47,315","24,727",
51083,7.0,"42,619","15,333",
51085,4.8,"90,824","20,552",
51087,6.5,"68,975","11,391",
51089,7.6,"41,908","34,022",
51091,3.7,"45,917","109,979",
51093,5.1,"78,749","334,389",
51095,6.9,"92,773","50,948",
51097,5.1,"54,185","2,232",
51099,4.5,"85,657","38,606",
51101,5.4,"73,035","78,254",
51103,7.2,"55,072","6,608",
51105,6.4,"35,878","26,723",
51107,5.3,"151,806","17,810",
51109,5.2,"64,135","10,919",
51111,5.3,"44,860","22,173",
51113,3.8,"66,397","420,959",
51115,4.9,"69,112","37,596",
51117,6.8,"43,128","11,936",
51119,5.1,"58,834","13,837",
51121,4.8,"58,740","8,533",
51125,5.6,"55,804","30,319",
51127,4.6,"102,619","10,625",
51131,7.8,"45,235","99,721",
51133,6.3,"60,385","14,775",
51135,5.1,"45,913","22,945",
51137,5.6,"71,691","12,282",
51139,7.3,"52,877","11,839",
51141,6.9,"43,568","15,642",
51143,6.5,"51,682","36,254",
51145,4.8,"94,293","23,709",
51147,6.5,"44,586","17,608",
51149,6.5,"74,518","60,501",
51153,6.5,"106,208","30,333",
51155,7.9,"54,086","21,849",
51157,4.5,"79,086","43,010",
51159,4.9,"49,758","482,204",
51161,5.1,"71,742","33,800",
51163,5.5,"58,501","7,348",
51165,4.7,"67,242","8,923",
51167,6.6,"40,345","96,929",
51169,5.3,"41,288","22,650",
51171,5.3,"59,087","83,757",
51173,6.4,"41,964","25,781",
51175,5.0,"62,327","21,576",
51177,6.0,"90,262","44,186",
51179,5.7,"109,090","29,800",
51181,5.7,"59,069","17,996",
51183,8.5,"45,134","140,032",
51185,7.6,"43,619","156,927",
51187,5.8,"69,878","6,561",
51191,5.8,"52,387","10,829",
51193,5.9,"54,885","40,429",
51195,7.6,"42,372","40,727",
51197,7.7,"48,543","53,935",
51199,5.6,"91,535","18,477",
51510,6.0,"102,589","36,130",
51520,7.7,"37,678","28,290",
51530,5.7,"44,752","70,045",
51540,6.4,"58,717","159,467",
51550,6.1,"77,361",,
51570,7.1,"57,688","17,219",
51580,9.6,"41,842","6,641",
51590,9.7,"36,073","46,553",
51595,11.1,"38,631","249,422",
51600,5.6,"106,430",,
51610,3.8,"137,849","18,170",
51620,8.5,"45,433","5,737",
51630,7.2,"62,121","42,590",
51640,7.7,"37,229","5,766",
51650,8.5,"55,816","24,146",
51660,6.4,"48,189","14,658",
51670,10.7,"38,293","8,180",
51678,7.0,"54,204","27,982",
51680,7.2,"50,612","6,720",
51683,6.5,"84,405","137,148",
51685,6.8,"83,145","51,814",
51690,10.9,"37,814","23,033",
51700,8.7,"53,022","7,320",
51710,8.7,"52,437","79,009",
51720,7.5,"38,062","42,772",
51730,13.9,"40,240","17,219",
51735,4.2,"98,217","13,485",
51740,9.6,"50,411","186,247",
51750,6.3,"41,530","238,005",
51760,8.8,"50,949","3,687",
51770,7.7,"45,534","33,458",
51775,5.8,"54,888","12,460",
51790,6.3,"54,296","97,915",
51800,6.5,"77,847","16,070",
51810,6.2,"78,491","226,610",
51820,6.5,"44,619","100,011",
51830,8.2,"56,569","25,346",
51840,5.8,"60,254","25,750",
53000,8.4,"78,674","94,324",
53001,7.3,"53,535","459,470",
53003,5.2,"54,776","22,196",
53005,8.2,"72,847","15,425",
53007,8.4,"59,838","28,120",
53009,10.2,"57,571","7,705,281",
53011,8.5,"80,407","20,613",
53013,7.3,"56,338","22,285",
53015,9.3,"57,316","206,873",
53017,8.5,"63,086","79,074",
53019,11.5,"47,463","77,155",
53021,9.0,"63,575","503,311",
53023,8.4,"54,555","3,952",
53025,8.8,"57,152","110,730",
53027,11.7,"59,346","42,938",
53029,8.3,"72,173","7,178",
53031,9.4,"60,556","96,749",
53033,7.5,"102,338","2,286",
53035,7.7,"79,268","99,123",
53037,9.0,"59,172","75,636",
53039,8.2,"60,567","86,857",
53041,9.4,"58,525","32,977",
53043,6.8,"60,849","2,269,675",
53045,9.8,"63,689","275,611",
53047,9.0,"44,777","44,337",
53049,10.7,"50,521","22,735",
53051,10.7,"51,950","82,149",
53053,9.6,"78,779","10,876",
53055,7.9,"69,113","65,726",
53057,9.8,"67,551","42,104",
53059,9.2,"69,163","23,365",
53061,8.5,"89,119","13,401",
53063,8.8,"59,976","921,130",
53065,9.4,"55,000","17,788",
53067,8.3,"77,890","129,523",
53069,8.8,"61,123","12,036",
53071,6.9,"60,202","827,957",
53073,9.3,"68,656","539,339",
53075,5.9,"45,906","46,445",
53077,9.7,"55,674","294,793",
54000,8.3,"48,659","4,422",
54001,8.3,"39,710","62,584",
54003,6.2,"63,012","226,847",
54005,10.5,"43,697","47,973",
54007,10.4,"39,651","256,728",
54009,9.0,"50,900","1,793,716",
54011,8.0,"42,125","15,465",
54013,16.1,"37,307","122,076",
54015,12.5,"41,923","21,809",
54017,6.3,"50,642","12,447",
54019,10.0,"41,430","22,559",
54021,10.1,"40,373","94,350",
54023,6.5,"47,400","6,229",
54025,8.1,"43,564","8,051",
54027,5.5,"54,811","7,808",
54029,10.0,"51,017","40,488",
54031,7.2,"46,658","7,408",
54033,7.9,"53,909","10,976",
54035,8.6,"50,808","32,977",
54037,5.9,"75,225","23,093",
54039,8.9,"48,334","29,095",
54041,10.9,"46,895","14,299",
54043,10.0,"43,198","65,921",
54045,12.2,"38,533","27,791",
54047,12.6,"29,106","57,701",
54049,8.7,"51,300","180,745",
54051,9.9,"53,145","17,033",
54053,8.5,"47,753","20,463",
54055,9.4,"41,794","32,567",
54057,7.6,"49,704","19,111",
54059,14.3,"34,698","56,205",
54061,6.3,"55,652","30,591",
54063,7.1,"44,655","25,453",
54065,6.0,"50,660","59,664",
54067,10.3,"40,023","26,938",
54069,8.4,"50,390","23,568",
54071,4.9,"43,451","105,822",
54073,11.1,"54,972","12,376",
54075,9.3,"39,454","17,063",
54077,7.3,"50,821","24,604",
54079,7.4,"66,991","42,425",
54081,8.9,"45,386","6,143",
54083,9.2,"46,285","7,653",
54085,8.4,"46,131","7,869",
54087,12.4,"41,671","34,216",
54089,7.8,"37,000","57,440",
54091,7.4,"48,294","74,591",
54093,8.5,"47,222","27,932",
54095,10.3,"48,345","8,444",
54097,9.6,"45,074","14,028",
54099,8.4,"42,095","11,959",
54101,9.4,"34,385","16,705",
54103,9.8,"46,824","6,762",
54105,10.7,"48,627","8,313",
54107,8.8,"49,209","23,816",
54109,10.5,"42,761","38,982",
55000,6.3,"64,177","8,378",
55001,9.5,"53,156","14,442",
55003,8.5,"47,202","5,194",
55005,6.1,"54,372","84,296",
55007,9.3,"58,065","21,382",
55009,6.0,"65,494","5,893,718",
55011,7.4,"58,407","20,654",
55013,9.1,"51,519","16,027",
55015,4.7,"80,354","46,711",
55017,6.2,"60,713","16,220",
55019,4.5,"54,296","268,740",
55021,5.9,"69,219","13,317",
55023,7.3,"51,919","16,526",
55025,4.8,"77,828","52,442",
55027,5.3,"61,730","66,297",
55029,6.8,"64,217","34,659",
55031,9.2,"55,651","58,490",
55033,5.5,"61,506","16,113",
55035,5.5,"64,972","561,504",
55037,8.0,"58,270","89,396",
55039,5.9,"65,905","30,066",
55041,12.4,"48,964","44,295",
55043,5.3,"56,418","45,440",
55045,4.8,"64,319","105,710",
55047,6.9,"59,458","4,558",
55049,6.1,"67,390","104,154",
55051,11.2,"48,813","9,179",
55053,9.3,"57,247","51,938",
55055,5.4,"71,098","37,093",
55057,7.2,"55,787","19,018",
55059,7.1,"66,460","23,709",
55061,4.6,"65,879","6,137",
55063,5.4,"59,758","21,145",
55065,4.3,"59,128","84,900",
55067,6.5,"49,597","26,718",
55069,5.9,"60,728","169,151",
55071,6.2,"61,326","20,563",
55073,5.0,"66,092","120,784",
55075,7.8,"54,404","16,611",
55077,6.7,"56,790","19,491",
55078,15.3,"40,300","28,415",
55079,8.2,"53,505","81,359",
55081,5.5,"60,296","138,013",
55083,6.3,"66,401","41,872",
55085,7.3,"62,765","15,592",
55087,5.5,"66,994","4,255",
55089,5.4,"90,446","939,489",
55091,5.9,"62,675","46,274",
55093,7.0,"75,368","38,965",
55095,7.2,"63,910","37,845",
55097,5.4,"58,248","190,705",
55099,6.8,"48,761","91,503",
55101,7.3,"61,691","7,318",
55103,5.1,"51,295","42,212",
55105,7.1,"61,624","44,977",
55107,6.6,"49,860","70,377",
55109,7.1,"87,098","14,054",
55111,7.5,"63,752","197,727",
55113,7.9,"53,908","17,304",
55115,6.4,"58,982","163,687",
55117,5.7,"62,108","14,188",
55119,4.9,"52,419","93,536",
55121,7.0,"61,687","65,763",
55123,5.2,"56,272","18,074",
55125,7.2,"55,576","40,881",
55127,6.1,"64,682","118,034",
55129,6.9,"52,735","19,913",
55131,5.6,"81,928","30,760",
55133,5.6,"91,070","30,714",
55135,5.5,"61,773","23,047",
55137,6.3,"55,476","106,478",
55139,5.4,"59,643","16,623",
55141,6.7,"57,325","136,761",
56000,5.8,"66,152","406,978",
56001,4.0,"52,216","51,812",
56003,5.0,"53,018","24,520",
56005,6.9,"83,997","171,730",
56007,4.5,"61,626","74,207",
56009,6.0,"72,481","576,851",
56011,3.9,"64,120","37,066",
56013,6.2,"57,953","11,521",
56015,4.3,"55,540","47,026",
56017,5.0,"52,344","14,537",
56019,5.5,"57,224","13,751",
56021,5.1,"69,613","7,181",
56023,5.0,"71,269","39,234",
56025,7.8,"66,104","12,498",
56027,3.8,"48,513","4,621",
56029,5.4,"59,494","8,447",
56031,5.0,"57,425","100,512",
56033,4.9,"64,030","19,581",
56035,7.2,"78,055","79,955",
56037,7.4,"80,639","2,467",
56039,6.0,"98,837","29,624",
56041,6.3,"70,756","8,605",
56043,5.3,"55,122","30,921",
56045,3.9,"59,410","8,728",
72000,,,"42,272",
72001,,,"23,331",
72003,,,"20,450",
72005,,,"7,685",
72007,,,"6,838",
72009,,,"3,285,874",
72011,,,"18,020",
72013,,,"38,136",
72015,,,"55,101",
72017,,,"24,223",
72019,,,"24,637",
72021,,,"25,596",
72023,,,"87,754",
72025,,,"15,843",
72027,,,"22,657",
72029,,,"28,983",
72031,,,"185,187",
72033,,,"47,158",
72035,,,"127,244",
72037,,,"32,827",
72039,,,"42,337",
72041,,,"154,815",
72043,,,"23,155",
72045,,,"41,652",
72047,,,"11,307",
72049,,,"16,984",
72051,,,"39,970",
72053,,,"34,668",
72054,,,"18,883",
72055,,,"34,571",
72057,,,"1,792",
72059,,,"35,879",
72061,,,"32,124",
72063,,,"11,692",
72065,,,"13,787",
72067,,,"36,614",
72069,,,"17,784",
72071,,,"89,780",
72073,,,"40,622",
72075,,,"38,486",
72077,,,"15,654",
72079,,,"50,896",
72081,,,"42,943",
72083,,,"14,779",
72085,,,"46,538",
72087,,,"37,012",
72089,,,"23,334",
72091,,,"28,105",
72093,,,"8,874",
72095,,,"35,180",
72097,,,"23,693",
72099,,,"17,781",
72101,,,"39,492",
72103,,,"4,755",
72105,,,"10,589",
72107,,,"73,077",
72109,,,"37,460",
72111,,,"28,727",
72113,,,"23,386",
72115,,,"29,241",
72117,,,"21,434",
72119,,,"15,985",
72121,,,"20,399",
72123,,,"137,491",
72125,,,"23,638",
72127,,,"15,187",
72129,,,"47,060",
72131,,,"22,729",
72133,,,"25,789",
72135,,,"31,879",
72137,,,"342,259",
72139,,,"37,693",
72141,,,"39,345",
72143,,,"20,281",
72145,,,"66,852",
72147,,,"75,293",
72149,,,"67,740",
72151,,,"28,287",
72153,,,"35,395",
,,,"54,414",
,,,"8,249",
,,,"22,093",
,,,"30,426",
,,,"34,172",
